iteration,timestamp,T0,P_RAW1,V_PUB,T2,V_ER2i
0,2022-03-10 16:23:57.952011,0,0,0,0,0
1,2022-03-10 16:23:58.416919,0,0,0,0.0,1.0
2,2022-03-10 16:23:58.767320,0.42171216011047363,1.0,0.0,0.0,1.0
3,2022-03-10 16:23:59.098212,0.42171216011047363,1.0,0.0,0.0,1.0
4,2022-03-10 16:23:59.567801,0.42171216011047363,1.0,0.0,0.0,1.0
5,2022-03-10 16:23:59.880665,0.42171216011047363,1.0,0.0,0.0,1.0
6,2022-03-10 16:24:00.246093,0.42171216011047363,1.0,0.0,0.0,1.0
7,2022-03-10 16:24:00.722034,0.42171216011047363,1.0,0.0,0.4234953224658966,0.0
8,2022-03-10 16:24:01.152914,0.39839938282966614,0.0,0.0,0.4234953224658966,0.0
9,2022-03-10 16:24:01.537655,0.39839938282966614,0.0,0.0,0.4234953224658966,0.0
10,2022-03-10 16:24:02.063848,0.39839938282966614,0.0,0.0,0.4234953224658966,0.0
11,2022-03-10 16:24:02.376885,0.39839938282966614,0.0,0.0,0.4234953224658966,0.0
12,2022-03-10 16:24:02.678528,0.39839938282966614,0.0,0.0,0.4234953224658966,0.0
13,2022-03-10 16:24:03.116592,0.39839938282966614,0.0,0.0,0.4037490487098694,0.0
14,2022-03-10 16:24:03.379564,0.39839938282966614,0.0,0.0,0.4037490487098694,0.0
15,2022-03-10 16:24:03.818655,0.39839938282966614,0.0,0.0,0.4037490487098694,0.0
16,2022-03-10 16:24:04.120899,0.39839938282966614,0.0,0.0,0.4037490487098694,0.0
17,2022-03-10 16:24:04.390933,0.39839938282966614,0.0,0.0,0.4037490487098694,0.0
18,2022-03-10 16:24:04.741443,0.39839938282966614,0.0,0.0,0.4037490487098694,0.0
19,2022-03-10 16:24:05.033733,0.39839938282966614,0.0,0.0,0.4037490487098694,0.0
20,2022-03-10 16:24:05.336173,0.39839938282966614,0.0,0.0,0.4037490487098694,0.0
21,2022-03-10 16:24:05.875025,0.39839938282966614,0.0,0.0,0.3721553683280945,0.0
22,2022-03-10 16:24:06.178535,0.39839938282966614,0.0,0.0,0.3721553683280945,0.0
23,2022-03-10 16:24:06.437360,0.39839938282966614,0.0,0.0,0.3721553683280945,0.0
24,2022-03-10 16:24:06.904645,0.39839938282966614,0.0,0.0,0.3721553683280945,0.0
25,2022-03-10 16:24:07.197924,0.39839938282966614,0.0,0.0,0.3721553683280945,0.0
26,2022-03-10 16:24:07.491774,0.39839938282966614,0.0,0.0,0.3721553683280945,0.0
27,2022-03-10 16:24:08.020163,0.39839938282966614,0.0,0.0,0.3439735770225525,0.0
27,2022-03-10 16:24:08.329217,0.39839938282966614,0.0,0.0,0.3439735770225525,0.0
29,2022-03-10 16:24:08.615234,0.39839938282966614,0.0,0.0,0.3439735770225525,0.0
30,2022-03-10 16:24:09.037019,0.39839938282966614,0.0,0.0,0.3439735770225525,0.0
31,2022-03-10 16:24:09.508590,0.39839938282966614,0.0,0.0,0.3439735770225525,0.0
32,2022-03-10 16:24:09.973089,0.39839938282966614,0.0,0.0,0.3439735770225525,0.0
33,2022-03-10 16:24:10.693447,0.39839938282966614,0.0,0.0,0.320747047662735,0.0
34,2022-03-10 16:24:11.061243,0.39839938282966614,0.0,0.0,0.320747047662735,0.0
35,2022-03-10 16:24:11.373058,0.39839938282966614,0.0,0.0,0.320747047662735,0.0
36,2022-03-10 16:24:12.096804,0.39839938282966614,0.0,0.0,0.320747047662735,0.0
37,2022-03-10 16:24:12.458058,0.39839938282966614,0.0,0.0,0.320747047662735,0.0
38,2022-03-10 16:24:12.896884,0.39839938282966614,0.0,0.0,0.320747047662735,0.0
39,2022-03-10 16:24:13.308287,0.39839938282966614,0.0,0.0,0.3012547194957733,0.0
40,2022-03-10 16:24:13.658740,0.39839938282966614,0.0,0.0,0.3012547194957733,0.0
41,2022-03-10 16:24:14.077352,0.39839938282966614,0.0,0.0,0.3012547194957733,0.0
42,2022-03-10 16:24:14.507053,0.39839938282966614,0.0,0.0,0.3012547194957733,0.0
43,2022-03-10 16:24:14.865614,0.39839938282966614,0.0,0.0,0.3012547194957733,0.0
44,2022-03-10 16:24:15.192131,0.39839938282966614,0.0,0.0,0.3012547194957733,0.0
45,2022-03-10 16:24:15.701320,0.39839938282966614,0.0,0.0,0.2772863805294037,0.0
46,2022-03-10 16:24:16.041250,0.39839938282966614,0.0,0.0,0.2772863805294037,0.0
47,2022-03-10 16:24:16.335456,0.39839938282966614,0.0,0.0,0.2772863805294037,0.0
48,2022-03-10 16:24:16.862382,0.39839938282966614,0.0,0.0,0.2772863805294037,0.0
49,2022-03-10 16:24:17.097310,0.39839938282966614,0.0,0.0,0.2772863805294037,0.0
50,2022-03-10 16:24:17.375848,0.39839938282966614,0.0,0.0,0.2772863805294037,0.0
51,2022-03-10 16:24:17.752489,0.39839938282966614,0.0,0.0,0.2772863805294037,0.0
52,2022-03-10 16:24:18.047227,0.39839938282966614,0.0,0.0,0.24966618418693542,0.0
53,2022-03-10 16:24:18.397346,0.39839938282966614,0.0,0.0,0.24966618418693542,0.0
54,2022-03-10 16:24:18.920733,0.39839938282966614,0.0,0.0,0.24966618418693542,0.0
55,2022-03-10 16:24:19.234081,0.39839938282966614,0.0,0.0,0.24966618418693542,0.0
56,2022-03-10 16:24:19.671846,0.39839938282966614,0.0,0.0,0.24966618418693542,0.0
57,2022-03-10 16:24:19.928669,0.39839938282966614,0.0,0.0,0.24966618418693542,0.0
58,2022-03-10 16:24:20.245476,0.39839938282966614,0.0,0.0,0.24966618418693542,0.0
59,2022-03-10 16:24:20.788548,0.39839938282966614,0.0,0.0,0.2216835618019104,0.0
60,2022-03-10 16:24:21.115827,0.39839938282966614,0.0,0.0,0.2216835618019104,0.0
61,2022-03-10 16:24:21.410857,0.39839938282966614,0.0,0.0,0.2216835618019104,0.0
62,2022-03-10 16:24:21.994428,0.39839938282966614,0.0,0.0,0.2216835618019104,0.0
62,2022-03-10 16:24:22.348266,0.39839938282966614,0.0,0.0,0.2216835618019104,0.0
64,2022-03-10 16:24:22.741295,0.39839938282966614,0.0,0.0,0.1986187994480133,0.0
65,2022-03-10 16:24:23.113062,0.39839938282966614,0.0,0.0,0.1986187994480133,0.0
66,2022-03-10 16:24:23.536519,0.39839938282966614,0.0,0.0,0.1986187994480133,0.0
67,2022-03-10 16:24:23.797219,0.39839938282966614,0.0,0.0,0.1986187994480133,0.0
68,2022-03-10 16:24:24.490490,0.39839938282966614,0.0,0.0,0.1986187994480133,0.0
69,2022-03-10 16:24:24.787830,0.39839938282966614,0.0,0.0,0.1986187994480133,0.0
70,2022-03-10 16:24:25.064114,0.39839938282966614,0.0,0.0,0.17479835450649261,0.0
71,2022-03-10 16:24:25.712893,0.39839938282966614,0.0,0.0,0.17479835450649261,0.0
72,2022-03-10 16:24:26.017724,0.39839938282966614,0.0,0.0,0.17479835450649261,0.0
73,2022-03-10 16:24:26.636687,0.39839938282966614,0.0,0.0,0.17479835450649261,0.0
74,2022-03-10 16:24:27.410810,0.39839938282966614,0.0,0.0,0.17479835450649261,0.0
75,2022-03-10 16:24:27.749099,0.39839938282966614,0.0,0.0,0.15994220972061157,1.0
76,2022-03-10 16:24:28.087269,0.39839938282966614,0.0,0.0,0.15994220972061157,1.0
77,2022-03-10 16:24:28.576786,0.39839938282966614,0.0,0.0,0.15994220972061157,1.0
78,2022-03-10 16:24:28.917282,0.39839938282966614,0.0,0.0,0.15994220972061157,1.0
79,2022-03-10 16:24:29.161437,0.39839938282966614,0.0,0.0,0.15994220972061157,1.0
79,2022-03-10 16:24:29.809302,0.39839938282966614,0.0,0.0,0.15994220972061157,1.0
81,2022-03-10 16:24:30.151671,0.39839938282966614,0.0,0.0,0.1886260062456131,1.0
81,2022-03-10 16:24:30.446524,0.3749092221260071,1.0,0.0,0.1886260062456131,1.0
83,2022-03-10 16:24:31.071882,0.3749092221260071,1.0,0.0,0.1886260062456131,1.0
84,2022-03-10 16:24:31.402819,0.3749092221260071,1.0,0.0,0.1886260062456131,1.0
85,2022-03-10 16:24:31.699908,0.3749092221260071,1.0,0.0,0.1886260062456131,1.0
86,2022-03-10 16:24:32.300123,0.3749092221260071,1.0,0.0,0.1886260062456131,1.0
87,2022-03-10 16:24:32.630785,0.3749092221260071,1.0,0.0,0.2186141312122345,1.0
88,2022-03-10 16:24:32.921893,0.33979475498199463,1.0,0.0,0.2186141312122345,1.0
89,2022-03-10 16:24:33.453369,0.33979475498199463,1.0,0.0,0.2186141312122345,1.0
90,2022-03-10 16:24:33.813231,0.33979475498199463,1.0,0.0,0.2186141312122345,1.0
91,2022-03-10 16:24:34.082943,0.33979475498199463,1.0,0.0,0.2186141312122345,1.0
92,2022-03-10 16:24:34.809210,0.33979475498199463,1.0,0.0,0.2186141312122345,1.0
93,2022-03-10 16:24:35.126356,0.3106597661972046,1.0,0.0,0.24095450341701508,1.0
94,2022-03-10 16:24:35.446077,0.3106597661972046,1.0,0.0,0.24095450341701508,1.0
95,2022-03-10 16:24:35.934514,0.3106597661972046,1.0,0.0,0.24095450341701508,1.0
96,2022-03-10 16:24:36.229142,0.3106597661972046,1.0,0.0,0.24095450341701508,1.0
97,2022-03-10 16:24:36.577222,0.3106597661972046,1.0,0.0,0.24095450341701508,1.0
98,2022-03-10 16:24:36.868427,0.3106597661972046,1.0,0.0,0.24095450341701508,1.0
99,2022-03-10 16:24:37.469400,0.3106597661972046,1.0,0.0,0.2586929202079773,1.0
100,2022-03-10 16:24:37.710326,0.2700914144515991,1.0,0.0,0.2586929202079773,1.0
101,2022-03-10 16:24:38.015844,0.2700914144515991,1.0,0.0,0.2586929202079773,1.0
102,2022-03-10 16:24:38.655214,0.2700914144515991,1.0,0.0,0.2586929202079773,1.0
103,2022-03-10 16:24:38.998166,0.2700914144515991,1.0,0.0,0.2586929202079773,1.0
104,2022-03-10 16:24:39.234491,0.2700914144515991,1.0,0.0,0.2586929202079773,1.0
105,2022-03-10 16:24:39.549952,0.2700914144515991,1.0,0.0,0.2586929202079773,1.0
106,2022-03-10 16:24:40.109102,0.35187089443206787,0.0,1.0,0.2653854191303253,1.0
107,2022-03-10 16:24:40.410137,0.35187089443206787,0.0,1.0,0.2653854191303253,1.0
108,2022-03-10 16:24:40.671907,0.35187089443206787,0.0,1.0,0.2653854191303253,1.0
109,2022-03-10 16:24:41.587254,0.35187089443206787,0.0,1.0,0.2653854191303253,1.0
110,2022-03-10 16:24:41.899206,0.35187089443206787,0.0,1.0,0.2653854191303253,1.0
111,2022-03-10 16:24:42.265494,0.35187089443206787,0.0,1.0,0.2653854191303253,1.0
112,2022-03-10 16:24:42.623198,0.44938912987709045,0.0,0.0,0.26439082622528076,1.0
113,2022-03-10 16:24:43.301786,0.44938912987709045,0.0,0.0,0.26439082622528076,1.0
114,2022-03-10 16:24:43.600390,0.44938912987709045,0.0,0.0,0.26439082622528076,1.0
115,2022-03-10 16:24:43.910791,0.44938912987709045,0.0,0.0,0.26439082622528076,1.0
116,2022-03-10 16:24:44.224704,0.44938912987709045,0.0,0.0,0.26439082622528076,1.0
117,2022-03-10 16:24:44.952120,0.44938912987709045,0.0,0.0,0.257864773273468,1.0
118,2022-03-10 16:24:45.344705,0.44938912987709045,0.0,0.0,0.257864773273468,1.0
119,2022-03-10 16:24:45.615728,0.44938912987709045,0.0,0.0,0.257864773273468,1.0
120,2022-03-10 16:24:46.201313,0.44938912987709045,0.0,0.0,0.257864773273468,1.0
121,2022-03-10 16:24:46.513879,0.44938912987709045,0.0,0.0,0.257864773273468,1.0
122,2022-03-10 16:24:46.864244,0.44938912987709045,0.0,0.0,0.257864773273468,1.0
123,2022-03-10 16:24:47.123706,0.44938912987709045,0.0,0.0,0.257864773273468,1.0
124,2022-03-10 16:24:47.781727,0.44938912987709045,0.0,0.0,0.24864470958709717,1.0
125,2022-03-10 16:24:48.022992,0.44938912987709045,0.0,0.0,0.24864470958709717,1.0
126,2022-03-10 16:24:48.205799,0.44938912987709045,0.0,0.0,0.24864470958709717,1.0
127,2022-03-10 16:24:48.557307,0.44938912987709045,0.0,0.0,0.24864470958709717,1.0
128,2022-03-10 16:24:49.152764,0.44938912987709045,0.0,0.0,0.24864470958709717,1.0
129,2022-03-10 16:24:49.446372,0.44938912987709045,0.0,0.0,0.24864470958709717,1.0
130,2022-03-10 16:24:49.754027,0.44938912987709045,0.0,0.0,0.23774679005146027,1.0
131,2022-03-10 16:24:50.055840,0.44938912987709045,0.0,0.0,0.23774679005146027,1.0
132,2022-03-10 16:24:50.653420,0.44938912987709045,0.0,0.0,0.23774679005146027,1.0
133,2022-03-10 16:24:50.895410,0.44938912987709045,0.0,0.0,0.23774679005146027,1.0
134,2022-03-10 16:24:51.248665,0.44938912987709045,0.0,0.0,0.23774679005146027,1.0
135,2022-03-10 16:24:51.570388,0.44938912987709045,0.0,0.0,0.23774679005146027,1.0
136,2022-03-10 16:24:52.346110,0.44938912987709045,0.0,0.0,0.2246096134185791,1.0
137,2022-03-10 16:24:52.698703,0.44938912987709045,0.0,0.0,0.2246096134185791,1.0
138,2022-03-10 16:24:52.934182,0.44938912987709045,0.0,0.0,0.2246096134185791,1.0
139,2022-03-10 16:24:53.288712,0.44938912987709045,0.0,0.0,0.2246096134185791,1.0
140,2022-03-10 16:24:54.061051,0.44938912987709045,0.0,0.0,0.2246096134185791,1.0
141,2022-03-10 16:24:54.317206,0.44938912987709045,0.0,0.0,0.2246096134185791,1.0
142,2022-03-10 16:24:54.752121,0.44938912987709045,0.0,0.0,0.21301743388175964,1.0
143,2022-03-10 16:24:55.125654,0.44938912987709045,0.0,0.0,0.21301743388175964,1.0
143,2022-03-10 16:24:56.064630,0.44938912987709045,0.0,0.0,0.21301743388175964,1.0
145,2022-03-10 16:24:56.399147,0.44938912987709045,0.0,0.0,0.21301743388175964,1.0
146,2022-03-10 16:24:56.725521,0.44938912987709045,0.0,0.0,0.21301743388175964,1.0
147,2022-03-10 16:24:57.086878,0.44938912987709045,0.0,0.0,0.21301743388175964,1.0
148,2022-03-10 16:24:57.873444,0.44938912987709045,0.0,0.0,0.2031380832195282,1.0
149,2022-03-10 16:24:58.171591,0.44938912987709045,0.0,0.0,0.2031380832195282,1.0
149,2022-03-10 16:24:58.584140,0.44938912987709045,0.0,0.0,0.2031380832195282,1.0
151,2022-03-10 16:24:58.953820,0.44938912987709045,0.0,0.0,0.2031380832195282,1.0
152,2022-03-10 16:24:59.741248,0.44938912987709045,0.0,0.0,0.19326886534690857,1.0
153,2022-03-10 16:25:00.040867,0.44938912987709045,0.0,0.0,0.19326886534690857,1.0
154,2022-03-10 16:25:00.416635,0.44938912987709045,0.0,0.0,0.19326886534690857,1.0
155,2022-03-10 16:25:00.772916,0.44938912987709045,0.0,0.0,0.19326886534690857,1.0
156,2022-03-10 16:25:01.120531,0.44938912987709045,0.0,0.0,0.19326886534690857,1.0
157,2022-03-10 16:25:01.952177,0.44938912987709045,0.0,0.0,0.18314166367053986,1.0
158,2022-03-10 16:25:02.244675,0.44938912987709045,0.0,0.0,0.18314166367053986,1.0
159,2022-03-10 16:25:02.542864,0.44938912987709045,0.0,0.0,0.18314166367053986,1.0
160,2022-03-10 16:25:02.869597,0.44938912987709045,0.0,0.0,0.18314166367053986,1.0
161,2022-03-10 16:25:03.707915,0.44938912987709045,0.0,0.0,0.18314166367053986,1.0
162,2022-03-10 16:25:04.007084,0.44938912987709045,0.0,0.0,0.18314166367053986,1.0
163,2022-03-10 16:25:04.391403,0.44938912987709045,0.0,0.0,0.17140009999275208,1.0
164,2022-03-10 16:25:04.695593,0.44938912987709045,0.0,0.0,0.17140009999275208,1.0
165,2022-03-10 16:25:05.051237,0.44938912987709045,0.0,0.0,0.17140009999275208,1.0
166,2022-03-10 16:25:05.811247,0.44938912987709045,0.0,0.0,0.17140009999275208,1.0
167,2022-03-10 16:25:06.233894,0.44938912987709045,0.0,0.0,0.17140009999275208,1.0
168,2022-03-10 16:25:07.217545,0.44938912987709045,0.0,0.0,0.16179335117340088,1.0
169,2022-03-10 16:25:07.532693,0.44938912987709045,0.0,0.0,0.16179335117340088,1.0
170,2022-03-10 16:25:07.861356,0.44938912987709045,0.0,0.0,0.16179335117340088,1.0
171,2022-03-10 16:25:08.599228,0.44938912987709045,0.0,0.0,0.16179335117340088,1.0
172,2022-03-10 16:25:08.959035,0.44938912987709045,0.0,0.0,0.16179335117340088,1.0
173,2022-03-10 16:25:09.200612,0.44938912987709045,0.0,0.0,0.16179335117340088,1.0
174,2022-03-10 16:25:09.576230,0.44938912987709045,0.0,0.0,0.15499868988990784,1.0
175,2022-03-10 16:25:10.300788,0.43716704845428467,1.0,0.0,0.15499868988990784,1.0
176,2022-03-10 16:25:10.629837,0.43716704845428467,1.0,0.0,0.15499868988990784,1.0
177,2022-03-10 16:25:10.931830,0.43716704845428467,1.0,0.0,0.15499868988990784,1.0
178,2022-03-10 16:25:11.250534,0.43716704845428467,1.0,0.0,0.15499868988990784,1.0
179,2022-03-10 16:25:11.505792,0.43716704845428467,1.0,0.0,0.15499868988990784,1.0
180,2022-03-10 16:25:12.263261,0.40069711208343506,1.0,0.0,0.1543879508972168,1.0
181,2022-03-10 16:25:12.635475,0.40069711208343506,1.0,0.0,0.1543879508972168,1.0
182,2022-03-10 16:25:12.986472,0.40069711208343506,1.0,0.0,0.1543879508972168,1.0
183,2022-03-10 16:25:13.338257,0.40069711208343506,1.0,0.0,0.1543879508972168,1.0
184,2022-03-10 16:25:13.664530,0.40069711208343506,1.0,0.0,0.1543879508972168,1.0
185,2022-03-10 16:25:14.706991,0.3705245852470398,1.0,0.0,0.15711629390716553,1.0
186,2022-03-10 16:25:15.058258,0.3705245852470398,1.0,0.0,0.15711629390716553,1.0
187,2022-03-10 16:25:15.306119,0.3705245852470398,1.0,0.0,0.15711629390716553,1.0
188,2022-03-10 16:25:15.659487,0.3705245852470398,1.0,0.0,0.15711629390716553,1.0
189,2022-03-10 16:25:15.894961,0.3705245852470398,1.0,0.0,0.15711629390716553,1.0
190,2022-03-10 16:25:16.541629,0.3705245852470398,1.0,0.0,0.15711629390716553,1.0
191,2022-03-10 16:25:16.888174,0.3705245852470398,1.0,0.0,0.1633141189813614,1.0
192,2022-03-10 16:25:17.208891,0.3345724940299988,1.0,0.0,0.1633141189813614,1.0
193,2022-03-10 16:25:17.627542,0.3345724940299988,1.0,0.0,0.1633141189813614,1.0
194,2022-03-10 16:25:18.038815,0.3345724940299988,1.0,0.0,0.1633141189813614,1.0
195,2022-03-10 16:25:18.359058,0.3345724940299988,1.0,0.0,0.1633141189813614,1.0
196,2022-03-10 16:25:19.227961,0.3345724940299988,1.0,0.0,0.1633141189813614,1.0
197,2022-03-10 16:25:19.628681,0.3048210144042969,1.0,0.0,0.1682775765657425,1.0
198,2022-03-10 16:25:20.059420,0.3048210144042969,1.0,0.0,0.1682775765657425,1.0
199,2022-03-10 16:25:20.354800,0.3048210144042969,1.0,0.0,0.1682775765657425,1.0
200,2022-03-10 16:25:20.746726,0.3048210144042969,1.0,0.0,0.1682775765657425,1.0
201,2022-03-10 16:25:21.616954,0.3048210144042969,1.0,0.0,0.1682775765657425,1.0
202,2022-03-10 16:25:22.020593,0.27525636553764343,1.0,0.0,0.1738349348306656,1.0
203,2022-03-10 16:25:22.615037,0.27525636553764343,1.0,0.0,0.1738349348306656,1.0
204,2022-03-10 16:25:23.135401,0.27525636553764343,1.0,0.0,0.1738349348306656,1.0
205,2022-03-10 16:25:23.389949,0.27525636553764343,1.0,0.0,0.1738349348306656,1.0
206,2022-03-10 16:25:24.304146,0.27525636553764343,1.0,0.0,0.17828257381916046,1.0
207,2022-03-10 16:25:24.618468,0.25173911452293396,0.0,1.0,0.17828257381916046,1.0
208,2022-03-10 16:25:24.936226,0.25173911452293396,0.0,1.0,0.17828257381916046,1.0
209,2022-03-10 16:25:25.228449,0.25173911452293396,0.0,1.0,0.17828257381916046,1.0
210,2022-03-10 16:25:25.539481,0.25173911452293396,0.0,1.0,0.17828257381916046,1.0
211,2022-03-10 16:25:25.795470,0.25173911452293396,0.0,1.0,0.17828257381916046,1.0
212,2022-03-10 16:25:26.820314,0.25173911452293396,0.0,1.0,0.17645041644573212,1.0
213,2022-03-10 16:25:27.144884,0.44837436079978943,0.0,0.0,0.17645041644573212,1.0
214,2022-03-10 16:25:27.437940,0.44837436079978943,0.0,0.0,0.17645041644573212,1.0
215,2022-03-10 16:25:27.741194,0.44837436079978943,0.0,0.0,0.17645041644573212,1.0
216,2022-03-10 16:25:28.204652,0.44837436079978943,0.0,0.0,0.17645041644573212,1.0
217,2022-03-10 16:25:28.546732,0.44837436079978943,0.0,0.0,0.17645041644573212,1.0
218,2022-03-10 16:25:29.743174,0.4805428385734558,0.0,0.0,0.16926075518131256,1.0
219,2022-03-10 16:25:30.164062,0.4805428385734558,0.0,0.0,0.16926075518131256,1.0
220,2022-03-10 16:25:30.513706,0.4805428385734558,0.0,0.0,0.16926075518131256,1.0
221,2022-03-10 16:25:30.754392,0.4805428385734558,0.0,0.0,0.16926075518131256,1.0
222,2022-03-10 16:25:31.048506,0.4805428385734558,0.0,0.0,0.16926075518131256,1.0
223,2022-03-10 16:25:31.930405,0.4805428385734558,0.0,0.0,0.16187220811843872,1.0
224,2022-03-10 16:25:32.796062,0.4805428385734558,0.0,0.0,0.16187220811843872,1.0
225,2022-03-10 16:25:33.062177,0.4805428385734558,0.0,0.0,0.16187220811843872,1.0
226,2022-03-10 16:25:33.410346,0.4805428385734558,0.0,0.0,0.16187220811843872,1.0
227,2022-03-10 16:25:33.714107,0.4805428385734558,0.0,0.0,0.16187220811843872,1.0
228,2022-03-10 16:25:34.062214,0.4805428385734558,0.0,0.0,0.16187220811843872,1.0
229,2022-03-10 16:25:35.158391,0.4805428385734558,1.0,0.0,0.1549997329711914,1.0
230,2022-03-10 16:25:35.394046,0.4805428385734558,1.0,0.0,0.1549997329711914,1.0
231,2022-03-10 16:25:35.764887,0.4805428385734558,1.0,0.0,0.1549997329711914,1.0
232,2022-03-10 16:25:36.118488,0.4805428385734558,1.0,0.0,0.1549997329711914,1.0
233,2022-03-10 16:25:36.411953,0.4805428385734558,1.0,0.0,0.1549997329711914,1.0
234,2022-03-10 16:25:36.846960,0.4805428385734558,1.0,0.0,0.15219496190547943,1.0
235,2022-03-10 16:25:37.809695,0.4498709440231323,1.0,0.0,0.15219496190547943,1.0
236,2022-03-10 16:25:38.123140,0.4498709440231323,1.0,0.0,0.15219496190547943,1.0
237,2022-03-10 16:25:38.553678,0.4498709440231323,1.0,0.0,0.15219496190547943,1.0
237,2022-03-10 16:25:38.858251,0.4498709440231323,1.0,0.0,0.15219496190547943,1.0
239,2022-03-10 16:25:39.364121,0.4254823625087738,1.0,0.0,0.154340460896492,1.0
240,2022-03-10 16:25:39.665560,0.4254823625087738,1.0,0.0,0.154340460896492,1.0
241,2022-03-10 16:25:40.599467,0.4254823625087738,1.0,0.0,0.154340460896492,1.0
242,2022-03-10 16:25:40.800894,0.4254823625087738,1.0,0.0,0.154340460896492,1.0
243,2022-03-10 16:25:41.094015,0.4254823625087738,1.0,0.0,0.154340460896492,1.0
244,2022-03-10 16:25:41.343405,0.4254823625087738,1.0,0.0,0.154340460896492,1.0
245,2022-03-10 16:25:41.610495,0.4254823625087738,1.0,0.0,0.15796947479248047,1.0
246,2022-03-10 16:25:41.881128,0.3831108808517456,1.0,0.0,0.15796947479248047,1.0
247,2022-03-10 16:25:42.852638,0.3831108808517456,1.0,0.0,0.15796947479248047,1.0
248,2022-03-10 16:25:43.238253,0.3831108808517456,1.0,0.0,0.15796947479248047,1.0
249,2022-03-10 16:25:43.533931,0.3831108808517456,1.0,0.0,0.15796947479248047,1.0
250,2022-03-10 16:25:43.990394,0.3831108808517456,1.0,0.0,0.16452205181121826,1.0
251,2022-03-10 16:25:44.297681,0.3530791401863098,1.0,0.0,0.16452205181121826,1.0
252,2022-03-10 16:25:44.629225,0.3530791401863098,1.0,0.0,0.16452205181121826,1.0
253,2022-03-10 16:25:45.673629,0.3530791401863098,1.0,0.0,0.16452205181121826,1.0
254,2022-03-10 16:25:45.972711,0.3530791401863098,1.0,0.0,0.16452205181121826,1.0
255,2022-03-10 16:25:46.375484,0.3530791401863098,1.0,0.0,0.1687801033258438,1.0
256,2022-03-10 16:25:46.724985,0.3232377767562866,1.0,0.0,0.1687801033258438,1.0
257,2022-03-10 16:25:47.050812,0.3232377767562866,1.0,0.0,0.1687801033258438,1.0
258,2022-03-10 16:25:47.353331,0.3232377767562866,1.0,0.0,0.1687801033258438,1.0
259,2022-03-10 16:25:48.524197,0.3232377767562866,1.0,0.0,0.1687801033258438,1.0
259,2022-03-10 16:25:48.804126,0.3232377767562866,1.0,0.0,0.17436297237873077,1.0
261,2022-03-10 16:25:49.124765,0.2935841977596283,1.0,0.0,0.17436297237873077,1.0
262,2022-03-10 16:25:49.480124,0.2935841977596283,1.0,0.0,0.17436297237873077,1.0
263,2022-03-10 16:25:49.772265,0.2935841977596283,1.0,0.0,0.17436297237873077,1.0
264,2022-03-10 16:25:50.030127,0.2935841977596283,1.0,0.0,0.17436297237873077,1.0
265,2022-03-10 16:25:50.322996,0.2935841977596283,1.0,0.0,0.17436297237873077,1.0
266,2022-03-10 16:25:51.282227,0.2935841977596283,1.0,0.0,0.18259800970554352,1.0
267,2022-03-10 16:25:51.584053,0.25824475288391113,1.0,0.0,0.18259800970554352,1.0
268,2022-03-10 16:25:51.898276,0.25824475288391113,1.0,0.0,0.18259800970554352,1.0
269,2022-03-10 16:25:52.191132,0.25824475288391113,1.0,0.0,0.18259800970554352,1.0
270,2022-03-10 16:25:52.517778,0.25824475288391113,1.0,0.0,0.18259800970554352,1.0
271,2022-03-10 16:25:52.810184,0.25824475288391113,1.0,0.0,0.18259800970554352,1.0
272,2022-03-10 16:25:53.905369,0.38415008783340454,0.0,1.0,0.1821487993001938,1.0
273,2022-03-10 16:25:54.141275,0.38415008783340454,0.0,1.0,0.1821487993001938,1.0
274,2022-03-10 16:25:54.613200,0.38415008783340454,0.0,1.0,0.1821487993001938,1.0
275,2022-03-10 16:25:54.965212,0.38415008783340454,0.0,1.0,0.1821487993001938,1.0
276,2022-03-10 16:25:55.262407,0.38415008783340454,0.0,1.0,0.1821487993001938,1.0
277,2022-03-10 16:25:55.566086,0.38415008783340454,0.0,1.0,0.1821487993001938,1.0
278,2022-03-10 16:25:55.924120,0.38415008783340454,0.0,1.0,0.1821487993001938,1.0
279,2022-03-10 16:25:56.673835,0.44899478554725647,0.0,0.0,0.17823509871959686,1.0
280,2022-03-10 16:25:57.103835,0.44899478554725647,0.0,0.0,0.17823509871959686,1.0
281,2022-03-10 16:25:57.450220,0.44899478554725647,0.0,0.0,0.17823509871959686,1.0
282,2022-03-10 16:25:57.806741,0.44899478554725647,0.0,0.0,0.17823509871959686,1.0
283,2022-03-10 16:25:58.121000,0.44899478554725647,0.0,0.0,0.17823509871959686,1.0
284,2022-03-10 16:25:58.399033,0.44899478554725647,0.0,0.0,0.17823509871959686,1.0
285,2022-03-10 16:25:58.624108,0.44899478554725647,0.0,0.0,0.169657900929451,1.0
286,2022-03-10 16:25:59.736138,0.44899478554725647,0.0,0.0,0.169657900929451,1.0
287,2022-03-10 16:26:00.083761,0.44899478554725647,0.0,0.0,0.169657900929451,1.0
288,2022-03-10 16:26:00.446361,0.44899478554725647,0.0,0.0,0.169657900929451,1.0
289,2022-03-10 16:26:01.459098,0.44899478554725647,0.0,0.0,0.16124208271503448,1.0
290,2022-03-10 16:26:01.829172,0.44899478554725647,0.0,0.0,0.16124208271503448,1.0
291,2022-03-10 16:26:02.064518,0.44899478554725647,0.0,0.0,0.16124208271503448,1.0
292,2022-03-10 16:26:03.052273,0.44899478554725647,0.0,0.0,0.16124208271503448,1.0
293,2022-03-10 16:26:03.361345,0.44899478554725647,0.0,0.0,0.16124208271503448,1.0
294,2022-03-10 16:26:03.764854,0.44899478554725647,1.0,0.0,0.15596313774585724,1.0
295,2022-03-10 16:26:04.067925,0.44899478554725647,1.0,0.0,0.15596313774585724,1.0
296,2022-03-10 16:26:04.393735,0.44899478554725647,1.0,0.0,0.15596313774585724,1.0
297,2022-03-10 16:26:04.699831,0.44899478554725647,1.0,0.0,0.15596313774585724,1.0
298,2022-03-10 16:26:05.029953,0.44899478554725647,1.0,0.0,0.15596313774585724,1.0
299,2022-03-10 16:26:05.323155,0.44899478554725647,1.0,0.0,0.15596313774585724,1.0
300,2022-03-10 16:26:06.437092,0.4063623249530792,1.0,0.0,0.15606215596199036,1.0
301,2022-03-10 16:26:06.805961,0.4063623249530792,1.0,0.0,0.15606215596199036,1.0
302,2022-03-10 16:26:07.041640,0.4063623249530792,1.0,0.0,0.15606215596199036,1.0
303,2022-03-10 16:26:07.445537,0.4063623249530792,1.0,0.0,0.15606215596199036,1.0
304,2022-03-10 16:26:07.739564,0.4063623249530792,1.0,0.0,0.15606215596199036,1.0
305,2022-03-10 16:26:08.108750,0.4063623249530792,1.0,0.0,0.15606215596199036,1.0
306,2022-03-10 16:26:08.553794,0.4063623249530792,1.0,0.0,0.15980635583400726,1.0
307,2022-03-10 16:26:09.763047,0.37013715505599976,1.0,0.0,0.15980635583400726,1.0
308,2022-03-10 16:26:10.120791,0.37013715505599976,1.0,0.0,0.15980635583400726,1.0
309,2022-03-10 16:26:10.493077,0.37013715505599976,1.0,0.0,0.15980635583400726,1.0
310,2022-03-10 16:26:10.852156,0.37013715505599976,1.0,0.0,0.16364584863185883,1.0
311,2022-03-10 16:26:11.161131,0.3461441695690155,1.0,0.0,0.16364584863185883,1.0
312,2022-03-10 16:26:11.477842,0.3461441695690155,1.0,0.0,0.16364584863185883,1.0
313,2022-03-10 16:26:11.828700,0.3461441695690155,1.0,0.0,0.16364584863185883,1.0
314,2022-03-10 16:26:12.765927,0.3461441695690155,1.0,0.0,0.16364584863185883,1.0
315,2022-03-10 16:26:13.043114,0.3461441695690155,1.0,0.0,0.16364584863185883,1.0
316,2022-03-10 16:26:13.464126,0.3461441695690155,1.0,0.0,0.1681758612394333,1.0
317,2022-03-10 16:26:13.708798,0.3103848397731781,1.0,0.0,0.1681758612394333,1.0
318,2022-03-10 16:26:14.087317,0.3103848397731781,1.0,0.0,0.1681758612394333,1.0
319,2022-03-10 16:26:14.267014,0.3103848397731781,1.0,0.0,0.1681758612394333,1.0
320,2022-03-10 16:26:14.622113,0.3103848397731781,1.0,0.0,0.1681758612394333,1.0
321,2022-03-10 16:26:14.918567,0.3103848397731781,1.0,0.0,0.1681758612394333,1.0
322,2022-03-10 16:26:16.276133,0.2748958468437195,1.0,0.0,0.17563548684120178,1.0
323,2022-03-10 16:26:16.572047,0.2748958468437195,1.0,0.0,0.17563548684120178,1.0
324,2022-03-10 16:26:16.899226,0.2748958468437195,1.0,0.0,0.17563548684120178,1.0
325,2022-03-10 16:26:17.328323,0.2748958468437195,1.0,0.0,0.17563548684120178,1.0
326,2022-03-10 16:26:17.653924,0.2748958468437195,1.0,0.0,0.17563548684120178,1.0
327,2022-03-10 16:26:17.972207,0.2748958468437195,1.0,0.0,0.17563548684120178,1.0
328,2022-03-10 16:26:18.335616,0.2748958468437195,1.0,0.0,0.1800239086151123,1.0
329,2022-03-10 16:26:19.524254,0.2513859272003174,0.0,1.0,0.1800239086151123,1.0
330,2022-03-10 16:26:19.797989,0.2513859272003174,0.0,1.0,0.1800239086151123,1.0
331,2022-03-10 16:26:20.097430,0.2513859272003174,0.0,1.0,0.1800239086151123,1.0
332,2022-03-10 16:26:20.554989,0.2513859272003174,0.0,1.0,0.1800239086151123,1.0
333,2022-03-10 16:26:20.963806,0.4480321705341339,0.0,1.0,0.17830458283424377,1.0
334,2022-03-10 16:26:21.266368,0.4480321705341339,0.0,1.0,0.17830458283424377,1.0
335,2022-03-10 16:26:21.502036,0.4480321705341339,0.0,1.0,0.17830458283424377,1.0
336,2022-03-10 16:26:21.834362,0.4480321705341339,0.0,1.0,0.17830458283424377,1.0
337,2022-03-10 16:26:23.203690,0.4480321705341339,0.0,1.0,0.17321255803108215,1.0
338,2022-03-10 16:26:23.528026,0.48020246624946594,0.0,0.0,0.17321255803108215,1.0
339,2022-03-10 16:26:23.829465,0.48020246624946594,0.0,0.0,0.17321255803108215,1.0
340,2022-03-10 16:26:24.178127,0.48020246624946594,0.0,0.0,0.17321255803108215,1.0
341,2022-03-10 16:26:24.431945,0.48020246624946594,0.0,0.0,0.17321255803108215,1.0
342,2022-03-10 16:26:24.793046,0.48020246624946594,0.0,0.0,0.17321255803108215,1.0
343,2022-03-10 16:26:25.029584,0.48020246624946594,0.0,0.0,0.17321255803108215,1.0
344,2022-03-10 16:26:25.332649,0.48020246624946594,0.0,0.0,0.17321255803108215,1.0
345,2022-03-10 16:26:26.502647,0.48020246624946594,0.0,0.0,0.16312459111213684,1.0
346,2022-03-10 16:26:27.394687,0.48020246624946594,0.0,0.0,0.16312459111213684,1.0
347,2022-03-10 16:26:27.700126,0.48020246624946594,0.0,0.0,0.16312459111213684,1.0
348,2022-03-10 16:26:28.105425,0.48020246624946594,0.0,0.0,0.15999841690063477,1.0
349,2022-03-10 16:26:28.407657,0.48020246624946594,0.0,0.0,0.15999841690063477,1.0
350,2022-03-10 16:26:28.712869,0.48020246624946594,0.0,0.0,0.15999841690063477,1.0
351,2022-03-10 16:26:29.063734,0.48020246624946594,0.0,0.0,0.15999841690063477,1.0
352,2022-03-10 16:26:29.437181,0.48020246624946594,0.0,0.0,0.15999841690063477,1.0
353,2022-03-10 16:26:29.682251,0.48020246624946594,0.0,0.0,0.15999841690063477,1.0
354,2022-03-10 16:26:30.808174,0.45565563440322876,1.0,0.0,0.15366622805595398,1.0
355,2022-03-10 16:26:31.048247,0.45565563440322876,1.0,0.0,0.15366622805595398,1.0
356,2022-03-10 16:26:31.357343,0.45565563440322876,1.0,0.0,0.15366622805595398,1.0
357,2022-03-10 16:26:31.656639,0.45565563440322876,1.0,0.0,0.15366622805595398,1.0
358,2022-03-10 16:26:32.093203,0.45565563440322876,1.0,0.0,0.15366622805595398,1.0
359,2022-03-10 16:26:32.387416,0.45565563440322876,1.0,0.0,0.15366622805595398,1.0
360,2022-03-10 16:26:32.704117,0.45565563440322876,1.0,0.0,0.15366622805595398,1.0
361,2022-03-10 16:26:33.146608,0.4130169451236725,1.0,0.0,0.15637999773025513,1.0
362,2022-03-10 16:26:34.081115,0.4130169451236725,1.0,0.0,0.15637999773025513,1.0
363,2022-03-10 16:26:34.431853,0.4130169451236725,1.0,0.0,0.15637999773025513,1.0
364,2022-03-10 16:26:34.832231,0.4130169451236725,1.0,0.0,0.15637999773025513,1.0
365,2022-03-10 16:26:35.152181,0.4130169451236725,1.0,0.0,0.15637999773025513,1.0
366,2022-03-10 16:26:35.452103,0.3828009068965912,1.0,0.0,0.16076986491680145,1.0
367,2022-03-10 16:26:35.761868,0.3828009068965912,1.0,0.0,0.16076986491680145,1.0
368,2022-03-10 16:26:36.044323,0.3828009068965912,1.0,0.0,0.16076986491680145,1.0
369,2022-03-10 16:26:36.422299,0.3828009068965912,1.0,0.0,0.16076986491680145,1.0
370,2022-03-10 16:26:37.357641,0.3828009068965912,1.0,0.0,0.16076986491680145,1.0
371,2022-03-10 16:26:37.658482,0.3828009068965912,1.0,0.0,0.16076986491680145,1.0
372,2022-03-10 16:26:37.928677,0.35277923941612244,1.0,0.0,0.1652907431125641,1.0
373,2022-03-10 16:26:38.242107,0.35277923941612244,1.0,0.0,0.1652907431125641,1.0
374,2022-03-10 16:26:38.673112,0.35277923941612244,1.0,0.0,0.1652907431125641,1.0
375,2022-03-10 16:26:38.999410,0.35277923941612244,1.0,0.0,0.1652907431125641,1.0
376,2022-03-10 16:26:39.292217,0.35277923941612244,1.0,0.0,0.1652907431125641,1.0
377,2022-03-10 16:26:39.593600,0.35277923941612244,1.0,0.0,0.1652907431125641,1.0
378,2022-03-10 16:26:39.892651,0.35277923941612244,1.0,0.0,0.1652907431125641,1.0
379,2022-03-10 16:26:41.356966,0.3051430583000183,1.0,0.0,0.17775680124759674,1.0
380,2022-03-10 16:26:41.731595,0.3051430583000183,1.0,0.0,0.17775680124759674,1.0
381,2022-03-10 16:26:42.137437,0.3051430583000183,1.0,0.0,0.17775680124759674,1.0
382,2022-03-10 16:26:42.546706,0.3051430583000183,1.0,0.0,0.18382802605628967,1.0
383,2022-03-10 16:26:42.880952,0.28740623593330383,1.0,0.0,0.18382802605628967,1.0
384,2022-03-10 16:26:43.353363,0.28740623593330383,1.0,0.0,0.18382802605628967,1.0
385,2022-03-10 16:26:43.693017,0.28740623593330383,1.0,0.0,0.18382802605628967,1.0
386,2022-03-10 16:26:43.985637,0.28740623593330383,1.0,0.0,0.18382802605628967,1.0
387,2022-03-10 16:26:44.379315,0.28740623593330383,1.0,0.0,0.18382802605628967,1.0
388,2022-03-10 16:26:45.780033,0.25594741106033325,0.0,1.0,0.1923225373029709,1.0
389,2022-03-10 16:26:46.077810,0.25594741106033325,0.0,1.0,0.1923225373029709,1.0
390,2022-03-10 16:26:46.318560,0.25594741106033325,0.0,1.0,0.1923225373029709,1.0
391,2022-03-10 16:26:46.669652,0.25594741106033325,0.0,1.0,0.1923225373029709,1.0
392,2022-03-10 16:26:46.963547,0.25594741106033325,0.0,1.0,0.1923225373029709,1.0
393,2022-03-10 16:26:47.284195,0.25594741106033325,0.0,1.0,0.1923225373029709,1.0
394,2022-03-10 16:26:47.843910,0.416424959897995,0.0,1.0,0.19405263662338257,1.0
395,2022-03-10 16:26:48.154631,0.416424959897995,0.0,1.0,0.19405263662338257,1.0
396,2022-03-10 16:26:48.456739,0.416424959897995,0.0,1.0,0.19405263662338257,1.0
397,2022-03-10 16:26:49.859773,0.416424959897995,0.0,1.0,0.19281840324401855,1.0
398,2022-03-10 16:26:50.195396,0.44876089692115784,0.0,0.0,0.19281840324401855,1.0
399,2022-03-10 16:26:50.549343,0.44876089692115784,0.0,0.0,0.19281840324401855,1.0
400,2022-03-10 16:26:50.793413,0.44876089692115784,0.0,0.0,0.19281840324401855,1.0
401,2022-03-10 16:26:51.047660,0.44876089692115784,0.0,0.0,0.19281840324401855,1.0
402,2022-03-10 16:26:51.341007,0.44876089692115784,0.0,0.0,0.19281840324401855,1.0
403,2022-03-10 16:26:51.645727,0.44876089692115784,0.0,0.0,0.19281840324401855,1.0
404,2022-03-10 16:26:52.018198,0.44876089692115784,0.0,0.0,0.19281840324401855,1.0
405,2022-03-10 16:26:52.353325,0.44876089692115784,0.0,0.0,0.18587376177310944,1.0
406,2022-03-10 16:26:53.795308,0.44876089692115784,0.0,0.0,0.18587376177310944,1.0
407,2022-03-10 16:26:54.187317,0.44876089692115784,0.0,0.0,0.18587376177310944,1.0
408,2022-03-10 16:26:54.486991,0.44876089692115784,0.0,0.0,0.18587376177310944,1.0
409,2022-03-10 16:26:54.923166,0.44876089692115784,0.0,0.0,0.18062670528888702,1.0
410,2022-03-10 16:26:55.255991,0.44876089692115784,0.0,0.0,0.18062670528888702,1.0
411,2022-03-10 16:26:55.638234,0.44876089692115784,0.0,0.0,0.18062670528888702,1.0
412,2022-03-10 16:26:56.048611,0.44876089692115784,0.0,0.0,0.18062670528888702,1.0
413,2022-03-10 16:26:56.401142,0.44876089692115784,0.0,0.0,0.18062670528888702,1.0
414,2022-03-10 16:26:56.644846,0.44876089692115784,0.0,0.0,0.18062670528888702,1.0
415,2022-03-10 16:26:57.987031,0.44876089692115784,0.0,0.0,0.17098969221115112,1.0
416,2022-03-10 16:26:58.242471,0.44876089692115784,0.0,0.0,0.17098969221115112,1.0
417,2022-03-10 16:26:58.607846,0.44876089692115784,0.0,0.0,0.17098969221115112,1.0
418,2022-03-10 16:26:59.008299,0.44876089692115784,0.0,0.0,0.17098969221115112,1.0
419,2022-03-10 16:26:59.302110,0.44876089692115784,0.0,0.0,0.17098969221115112,1.0
420,2022-03-10 16:26:59.600164,0.44876089692115784,0.0,0.0,0.16516068577766418,1.0
421,2022-03-10 16:26:59.854391,0.44876089692115784,0.0,0.0,0.16516068577766418,1.0
422,2022-03-10 16:27:00.665055,0.44876089692115784,0.0,0.0,0.16516068577766418,1.0
423,2022-03-10 16:27:01.016457,0.44876089692115784,0.0,0.0,0.16516068577766418,1.0
424,2022-03-10 16:27:01.385607,0.44876089692115784,0.0,0.0,0.16516068577766418,1.0
425,2022-03-10 16:27:02.733826,0.44876089692115784,0.0,0.0,0.15750713646411896,1.0
426,2022-03-10 16:27:03.214380,0.44876089692115784,0.0,0.0,0.15750713646411896,1.0
427,2022-03-10 16:27:03.575061,0.44876089692115784,0.0,0.0,0.15750713646411896,1.0
428,2022-03-10 16:27:03.871109,0.44876089692115784,0.0,0.0,0.15750713646411896,1.0
429,2022-03-10 16:27:04.227784,0.44876089692115784,0.0,0.0,0.15750713646411896,1.0
430,2022-03-10 16:27:04.668114,0.44876089692115784,0.0,0.0,0.1550617218017578,1.0
431,2022-03-10 16:27:04.862910,0.43042856454849243,1.0,0.0,0.1550617218017578,1.0
432,2022-03-10 16:27:05.119305,0.43042856454849243,1.0,0.0,0.1550617218017578,1.0
433,2022-03-10 16:27:05.372087,0.43042856454849243,1.0,0.0,0.1550617218017578,1.0
434,2022-03-10 16:27:06.468061,0.43042856454849243,1.0,0.0,0.1550617218017578,1.0
435,2022-03-10 16:27:06.728337,0.43042856454849243,1.0,0.0,0.1550617218017578,1.0
436,2022-03-10 16:27:07.075246,0.43042856454849243,1.0,0.0,0.15942750871181488,1.0
437,2022-03-10 16:27:07.326491,0.3939940631389618,1.0,0.0,0.15942750871181488,1.0
438,2022-03-10 16:27:07.599182,0.3939940631389618,1.0,0.0,0.15942750871181488,1.0
439,2022-03-10 16:27:07.894613,0.3939940631389618,1.0,0.0,0.15942750871181488,1.0
440,2022-03-10 16:27:08.245226,0.3939940631389618,1.0,0.0,0.15942750871181488,1.0
441,2022-03-10 16:27:08.534672,0.3939940631389618,1.0,0.0,0.15942750871181488,1.0
442,2022-03-10 16:27:08.907436,0.3939940631389618,1.0,0.0,0.15942750871181488,1.0
443,2022-03-10 16:27:09.236372,0.3939940631389618,1.0,0.0,0.15942750871181488,1.0
444,2022-03-10 16:27:10.841691,0.3458777666091919,1.0,0.0,0.1677369922399521,1.0
445,2022-03-10 16:27:11.197224,0.3458777666091919,1.0,0.0,0.1677369922399521,1.0
446,2022-03-10 16:27:11.556987,0.3458777666091919,1.0,0.0,0.1677369922399521,1.0
447,2022-03-10 16:27:11.861592,0.3458777666091919,1.0,0.0,0.1677369922399521,1.0
448,2022-03-10 16:27:12.291199,0.3279671370983124,1.0,0.0,0.1714545488357544,1.0
449,2022-03-10 16:27:12.652280,0.3279671370983124,1.0,0.0,0.1714545488357544,1.0
450,2022-03-10 16:27:12.965157,0.3279671370983124,1.0,0.0,0.1714545488357544,1.0
451,2022-03-10 16:27:13.258864,0.3279671370983124,1.0,0.0,0.1714545488357544,1.0
452,2022-03-10 16:27:13.651784,0.3279671370983124,1.0,0.0,0.1714545488357544,1.0
453,2022-03-10 16:27:13.965307,0.3279671370983124,1.0,0.0,0.1714545488357544,1.0
454,2022-03-10 16:27:15.280170,0.2864514887332916,1.0,0.0,0.18271024525165558,1.0
455,2022-03-10 16:27:15.607031,0.2864514887332916,1.0,0.0,0.18271024525165558,1.0
456,2022-03-10 16:27:15.956124,0.2864514887332916,1.0,0.0,0.18271024525165558,1.0
457,2022-03-10 16:27:16.312198,0.2864514887332916,1.0,0.0,0.18271024525165558,1.0
458,2022-03-10 16:27:16.613690,0.2864514887332916,1.0,0.0,0.18271024525165558,1.0
459,2022-03-10 16:27:17.052938,0.2570313513278961,1.0,0.0,0.18830324709415436,1.0
460,2022-03-10 16:27:17.322063,0.2570313513278961,1.0,0.0,0.18830324709415436,1.0
461,2022-03-10 16:27:17.681863,0.2570313513278961,1.0,0.0,0.18830324709415436,1.0
462,2022-03-10 16:27:17.966637,0.2570313513278961,1.0,0.0,0.18830324709415436,1.0
462,2022-03-10 16:27:18.266001,0.2570313513278961,1.0,0.0,0.18830324709415436,1.0
464,2022-03-10 16:27:19.604032,0.35027551651000977,0.0,1.0,0.1920117437839508,1.0
465,2022-03-10 16:27:19.867737,0.35027551651000977,0.0,1.0,0.1920117437839508,1.0
466,2022-03-10 16:27:20.193888,0.35027551651000977,0.0,1.0,0.1920117437839508,1.0
467,2022-03-10 16:27:20.614047,0.35027551651000977,0.0,1.0,0.1920117437839508,1.0
468,2022-03-10 16:27:21.023670,0.35027551651000977,0.0,1.0,0.1920117437839508,1.0
469,2022-03-10 16:27:21.271694,0.35027551651000977,0.0,1.0,0.1920117437839508,1.0
470,2022-03-10 16:27:21.592163,0.35027551651000977,0.0,1.0,0.1920117437839508,1.0
471,2022-03-10 16:27:21.962761,0.4799931049346924,0.0,0.0,0.190532386302948,1.0
472,2022-03-10 16:27:22.275090,0.4799931049346924,0.0,0.0,0.190532386302948,1.0
473,2022-03-10 16:27:22.591853,0.4799931049346924,0.0,0.0,0.190532386302948,1.0
474,2022-03-10 16:27:22.999960,0.4799931049346924,0.0,0.0,0.190532386302948,1.0
475,2022-03-10 16:27:24.344772,0.4799931049346924,0.0,0.0,0.1846403032541275,1.0
476,2022-03-10 16:27:24.640294,0.4799931049346924,0.0,0.0,0.1846403032541275,1.0
477,2022-03-10 16:27:24.896024,0.4799931049346924,0.0,0.0,0.1846403032541275,1.0
478,2022-03-10 16:27:25.360005,0.4799931049346924,0.0,0.0,0.1846403032541275,1.0
479,2022-03-10 16:27:25.813777,0.4799931049346924,0.0,0.0,0.1846403032541275,1.0
480,2022-03-10 16:27:26.197802,0.4799931049346924,0.0,0.0,0.1846403032541275,1.0
481,2022-03-10 16:27:26.576112,0.4799931049346924,0.0,0.0,0.17806974053382874,1.0
482,2022-03-10 16:27:26.833860,0.4799931049346924,0.0,0.0,0.17806974053382874,1.0
483,2022-03-10 16:27:27.162019,0.4799931049346924,0.0,0.0,0.17806974053382874,1.0
484,2022-03-10 16:27:27.532009,0.4799931049346924,0.0,0.0,0.17806974053382874,1.0
485,2022-03-10 16:27:28.949977,0.4799931049346924,0.0,0.0,0.1709759384393692,1.0
486,2022-03-10 16:27:29.228841,0.4799931049346924,0.0,0.0,0.1709759384393692,1.0
487,2022-03-10 16:27:29.583962,0.4799931049346924,0.0,0.0,0.1709759384393692,1.0
488,2022-03-10 16:27:29.894862,0.4799931049346924,0.0,0.0,0.1709759384393692,1.0
489,2022-03-10 16:27:30.205881,0.4799931049346924,0.0,0.0,0.1709759384393692,1.0
490,2022-03-10 16:27:30.559916,0.4799931049346924,0.0,0.0,0.1709759384393692,1.0
490,2022-03-10 16:27:30.869549,0.4799931049346924,0.0,0.0,0.1709759384393692,1.0
492,2022-03-10 16:27:31.995150,0.4799931049346924,0.0,0.0,0.16079702973365784,1.0
493,2022-03-10 16:27:32.282829,0.4799931049346924,0.0,0.0,0.16079702973365784,1.0
494,2022-03-10 16:27:32.536612,0.4799931049346924,0.0,0.0,0.16079702973365784,1.0
495,2022-03-10 16:27:32.921976,0.4799931049346924,0.0,0.0,0.16079702973365784,1.0
496,2022-03-10 16:27:34.514956,0.4799931049346924,1.0,0.0,0.15643200278282166,1.0
497,2022-03-10 16:27:34.844499,0.4799931049346924,1.0,0.0,0.15643200278282166,1.0
498,2022-03-10 16:27:35.228494,0.4799931049346924,1.0,0.0,0.15643200278282166,1.0
499,2022-03-10 16:27:35.642567,0.4799931049346924,1.0,0.0,0.15643200278282166,1.0
500,2022-03-10 16:27:36.004738,0.4799931049346924,1.0,0.0,0.15643200278282166,1.0
501,2022-03-10 16:27:36.529338,0.449328750371933,1.0,0.0,0.15715715289115906,1.0
502,2022-03-10 16:27:36.765601,0.449328750371933,1.0,0.0,0.15715715289115906,1.0
503,2022-03-10 16:27:37.019428,0.449328750371933,1.0,0.0,0.15715715289115906,1.0
504,2022-03-10 16:27:37.320299,0.449328750371933,1.0,0.0,0.15715715289115906,1.0
505,2022-03-10 16:27:37.637403,0.449328750371933,1.0,0.0,0.15715715289115906,1.0
506,2022-03-10 16:27:37.938456,0.449328750371933,1.0,0.0,0.15715715289115906,1.0
507,2022-03-10 16:27:39.635125,0.412811815738678,1.0,0.0,0.16338340938091278,1.0
508,2022-03-10 16:27:40.030638,0.412811815738678,1.0,0.0,0.16338340938091278,1.0
509,2022-03-10 16:27:40.351909,0.412811815738678,1.0,0.0,0.16338340938091278,1.0
510,2022-03-10 16:27:40.714386,0.412811815738678,1.0,0.0,0.16338340938091278,1.0
511,2022-03-10 16:27:41.044920,0.412811815738678,1.0,0.0,0.16338340938091278,1.0
512,2022-03-10 16:27:41.351882,0.3826085925102234,1.0,0.0,0.16820953786373138,1.0
513,2022-03-10 16:27:41.740275,0.3826085925102234,1.0,0.0,0.16820953786373138,1.0
514,2022-03-10 16:27:42.035770,0.3826085925102234,1.0,0.0,0.16820953786373138,1.0
515,2022-03-10 16:27:42.340849,0.3826085925102234,1.0,0.0,0.16820953786373138,1.0
516,2022-03-10 16:27:42.699334,0.3826085925102234,1.0,0.0,0.16820953786373138,1.0
517,2022-03-10 16:27:43.070594,0.3826085925102234,1.0,0.0,0.16820953786373138,1.0
518,2022-03-10 16:27:44.876210,0.3466309905052185,1.0,0.0,0.17742536962032318,1.0
519,2022-03-10 16:27:45.215751,0.3466309905052185,1.0,0.0,0.17742536962032318,1.0
520,2022-03-10 16:27:45.601148,0.3466309905052185,1.0,0.0,0.17742536962032318,1.0
521,2022-03-10 16:27:46.008856,0.3466309905052185,1.0,0.0,0.17742536962032318,1.0
522,2022-03-10 16:27:46.316979,0.32874932885169983,1.0,0.0,0.1817045956850052,1.0
523,2022-03-10 16:27:46.609458,0.32874932885169983,1.0,0.0,0.1817045956850052,1.0
524,2022-03-10 16:27:46.863468,0.32874932885169983,1.0,0.0,0.1817045956850052,1.0
525,2022-03-10 16:27:47.227483,0.32874932885169983,1.0,0.0,0.1817045956850052,1.0
526,2022-03-10 16:27:47.636049,0.32874932885169983,1.0,0.0,0.1817045956850052,1.0
527,2022-03-10 16:27:47.889357,0.32874932885169983,1.0,0.0,0.1817045956850052,1.0
528,2022-03-10 16:27:48.186302,0.32874932885169983,1.0,0.0,0.1817045956850052,1.0
529,2022-03-10 16:27:48.536501,0.32874932885169983,1.0,0.0,0.1933683454990387,1.0
530,2022-03-10 16:27:49.965213,0.281409353017807,1.0,0.0,0.1933683454990387,1.0
531,2022-03-10 16:27:50.318249,0.281409353017807,1.0,0.0,0.1933683454990387,1.0
532,2022-03-10 16:27:50.611668,0.281409353017807,1.0,0.0,0.1933683454990387,1.0
533,2022-03-10 16:27:51.180007,0.25792527198791504,1.0,0.0,0.19759473204612732,1.0
534,2022-03-10 16:27:51.626686,0.25792527198791504,1.0,0.0,0.19759473204612732,1.0
535,2022-03-10 16:27:51.940965,0.25792527198791504,1.0,0.0,0.19759473204612732,1.0
536,2022-03-10 16:27:52.292144,0.25792527198791504,1.0,0.0,0.19759473204612732,1.0
537,2022-03-10 16:27:52.664501,0.25792527198791504,1.0,0.0,0.19759473204612732,1.0
538,2022-03-10 16:27:52.962880,0.25792527198791504,1.0,0.0,0.19759473204612732,1.0
539,2022-03-10 16:27:53.344209,0.25792527198791504,1.0,0.0,0.20151302218437195,1.0
540,2022-03-10 16:27:53.775863,0.38384923338890076,0.0,1.0,0.20151302218437195,1.0
541,2022-03-10 16:27:55.476187,0.38384923338890076,0.0,1.0,0.20151302218437195,1.0
542,2022-03-10 16:27:55.903341,0.44869711995124817,0.0,0.0,0.2009042650461197,1.0
543,2022-03-10 16:27:56.231391,0.44869711995124817,0.0,0.0,0.2009042650461197,1.0
544,2022-03-10 16:27:56.618510,0.44869711995124817,0.0,0.0,0.2009042650461197,1.0
545,2022-03-10 16:27:56.959664,0.44869711995124817,0.0,0.0,0.2009042650461197,1.0
546,2022-03-10 16:27:57.257312,0.44869711995124817,0.0,0.0,0.2009042650461197,1.0
547,2022-03-10 16:27:57.552930,0.44869711995124817,0.0,0.0,0.2009042650461197,1.0
548,2022-03-10 16:27:57.847766,0.44869711995124817,0.0,0.0,0.2009042650461197,1.0
549,2022-03-10 16:27:58.260738,0.44869711995124817,0.0,0.0,0.19521388411521912,1.0
550,2022-03-10 16:27:58.474429,0.44869711995124817,0.0,0.0,0.19521388411521912,1.0
551,2022-03-10 16:27:58.833494,0.44869711995124817,0.0,0.0,0.19521388411521912,1.0
552,2022-03-10 16:27:59.126994,0.44869711995124817,0.0,0.0,0.19521388411521912,1.0
553,2022-03-10 16:28:00.943855,0.44869711995124817,0.0,0.0,0.1888948231935501,1.0
554,2022-03-10 16:28:01.239873,0.44869711995124817,0.0,0.0,0.1888948231935501,1.0
555,2022-03-10 16:28:01.567881,0.44869711995124817,0.0,0.0,0.1888948231935501,1.0
556,2022-03-10 16:28:01.834451,0.44869711995124817,0.0,0.0,0.1888948231935501,1.0
557,2022-03-10 16:28:02.149110,0.44869711995124817,0.0,0.0,0.1888948231935501,1.0
558,2022-03-10 16:28:02.528673,0.44869711995124817,0.0,0.0,0.1888948231935501,1.0
559,2022-03-10 16:28:02.892629,0.44869711995124817,0.0,0.0,0.1888948231935501,1.0
560,2022-03-10 16:28:03.244731,0.44869711995124817,0.0,0.0,0.1804468035697937,1.0
561,2022-03-10 16:28:03.547326,0.44869711995124817,0.0,0.0,0.1804468035697937,1.0
562,2022-03-10 16:28:03.808096,0.44869711995124817,0.0,0.0,0.1804468035697937,1.0
563,2022-03-10 16:28:04.134824,0.44869711995124817,0.0,0.0,0.1804468035697937,1.0
563,2022-03-10 16:28:04.375580,0.44869711995124817,0.0,0.0,0.1804468035697937,1.0
565,2022-03-10 16:28:06.192343,0.44869711995124817,0.0,0.0,0.166905477643013,1.0
566,2022-03-10 16:28:06.581055,0.44869711995124817,0.0,0.0,0.166905477643013,1.0
567,2022-03-10 16:28:06.953649,0.44869711995124817,0.0,0.0,0.166905477643013,1.0
568,2022-03-10 16:28:07.652626,0.44869711995124817,0.0,0.0,0.166905477643013,1.0
569,2022-03-10 16:28:07.950528,0.44869711995124817,0.0,0.0,0.16158512234687805,1.0
570,2022-03-10 16:28:08.246972,0.44869711995124817,0.0,0.0,0.16158512234687805,1.0
571,2022-03-10 16:28:08.702143,0.44869711995124817,0.0,0.0,0.16158512234687805,1.0
572,2022-03-10 16:28:09.054141,0.44869711995124817,0.0,0.0,0.16158512234687805,1.0
573,2022-03-10 16:28:09.408150,0.44869711995124817,0.0,0.0,0.16158512234687805,1.0
574,2022-03-10 16:28:09.812438,0.44869711995124817,0.0,0.0,0.16158512234687805,1.0
575,2022-03-10 16:28:10.132091,0.44869711995124817,0.0,0.0,0.16158512234687805,1.0
576,2022-03-10 16:28:10.579831,0.4182131290435791,1.0,0.0,0.15613695979118347,1.0
577,2022-03-10 16:28:10.881552,0.4182131290435791,1.0,0.0,0.15613695979118347,1.0
578,2022-03-10 16:28:12.301037,0.4182131290435791,1.0,0.0,0.15613695979118347,1.0
579,2022-03-10 16:28:12.597707,0.4182131290435791,1.0,0.0,0.15613695979118347,1.0
580,2022-03-10 16:28:12.911244,0.4182131290435791,1.0,0.0,0.15731820464134216,1.0
581,2022-03-10 16:28:13.152054,0.3939730226993561,1.0,0.0,0.15731820464134216,1.0
582,2022-03-10 16:28:13.455410,0.3939730226993561,1.0,0.0,0.15731820464134216,1.0
583,2022-03-10 16:28:13.798661,0.3939730226993561,1.0,0.0,0.15731820464134216,1.0
584,2022-03-10 16:28:14.239747,0.3939730226993561,1.0,0.0,0.15731820464134216,1.0
585,2022-03-10 16:28:14.588258,0.3939730226993561,1.0,0.0,0.15731820464134216,1.0
586,2022-03-10 16:28:14.831727,0.3939730226993561,1.0,0.0,0.15731820464134216,1.0
587,2022-03-10 16:28:15.137730,0.3939730226993561,1.0,0.0,0.15731820464134216,1.0
588,2022-03-10 16:28:15.506146,0.3458722233772278,1.0,0.0,0.16252034902572632,1.0
588,2022-03-10 16:28:15.775749,0.3458722233772278,1.0,0.0,0.16252034902572632,1.0
590,2022-03-10 16:28:17.564096,0.3458722233772278,1.0,0.0,0.16252034902572632,1.0
591,2022-03-10 16:28:17.908828,0.33392396569252014,1.0,0.0,0.1644895374774933,1.0
592,2022-03-10 16:28:18.263388,0.33392396569252014,1.0,0.0,0.1644895374774933,1.0
593,2022-03-10 16:28:18.561133,0.33392396569252014,1.0,0.0,0.1644895374774933,1.0
594,2022-03-10 16:28:18.858037,0.33392396569252014,1.0,0.0,0.1644895374774933,1.0
595,2022-03-10 16:28:19.208584,0.33392396569252014,1.0,0.0,0.1644895374774933,1.0
596,2022-03-10 16:28:19.612082,0.33392396569252014,1.0,0.0,0.1644895374774933,1.0
597,2022-03-10 16:28:19.923719,0.33392396569252014,1.0,0.0,0.1644895374774933,1.0
598,2022-03-10 16:28:20.276816,0.2923411726951599,1.0,0.0,0.1720186471939087,1.0
599,2022-03-10 16:28:20.605313,0.2923411726951599,1.0,0.0,0.1720186471939087,1.0
600,2022-03-10 16:28:20.904236,0.2923411726951599,1.0,0.0,0.1720186471939087,1.0
601,2022-03-10 16:28:21.199707,0.2923411726951599,1.0,0.0,0.1720186471939087,1.0
602,2022-03-10 16:28:21.455702,0.2923411726951599,1.0,0.0,0.1720186471939087,1.0
603,2022-03-10 16:28:23.422342,0.2569877505302429,1.0,0.0,0.178289532661438,1.0
604,2022-03-10 16:28:23.725629,0.2569877505302429,1.0,0.0,0.178289532661438,1.0
605,2022-03-10 16:28:24.022067,0.2569877505302429,1.0,0.0,0.178289532661438,1.0
606,2022-03-10 16:28:24.382237,0.2569877505302429,1.0,0.0,0.178289532661438,1.0
607,2022-03-10 16:28:24.574011,0.2569877505302429,1.0,0.0,0.178289532661438,1.0
608,2022-03-10 16:28:24.995177,0.2569877505302429,1.0,0.0,0.17842048406600952,1.0
609,2022-03-10 16:28:25.306461,0.31736502051353455,0.0,1.0,0.17842048406600952,1.0
610,2022-03-10 16:28:25.552107,0.31736502051353455,0.0,1.0,0.17842048406600952,1.0
611,2022-03-10 16:28:25.956886,0.31736502051353455,0.0,1.0,0.17842048406600952,1.0
612,2022-03-10 16:28:26.193464,0.31736502051353455,0.0,1.0,0.17842048406600952,1.0
613,2022-03-10 16:28:26.507677,0.31736502051353455,0.0,1.0,0.17842048406600952,1.0
614,2022-03-10 16:28:26.858430,0.31736502051353455,0.0,1.0,0.17842048406600952,1.0
615,2022-03-10 16:28:27.154831,0.31736502051353455,0.0,1.0,0.17842048406600952,1.0
616,2022-03-10 16:28:29.023178,0.4799456000328064,0.0,0.0,0.1732664257287979,1.0
617,2022-03-10 16:28:29.215931,0.4799456000328064,0.0,0.0,0.1732664257287979,1.0
618,2022-03-10 16:28:29.550424,0.4799456000328064,0.0,0.0,0.1732664257287979,1.0
619,2022-03-10 16:28:30.075656,0.4799456000328064,0.0,0.0,0.16909003257751465,1.0
619,2022-03-10 16:28:30.320097,0.4799456000328064,0.0,0.0,0.16909003257751465,1.0
621,2022-03-10 16:28:30.777650,0.4799456000328064,0.0,0.0,0.16909003257751465,1.0
622,2022-03-10 16:28:31.124914,0.4799456000328064,0.0,0.0,0.16909003257751465,1.0
623,2022-03-10 16:28:31.829618,0.4799456000328064,0.0,0.0,0.16909003257751465,1.0
624,2022-03-10 16:28:32.324485,0.4799456000328064,0.0,0.0,0.16141384840011597,1.0
625,2022-03-10 16:28:32.625582,0.4799456000328064,0.0,0.0,0.16141384840011597,1.0
626,2022-03-10 16:28:32.974515,0.4799456000328064,0.0,0.0,0.16141384840011597,1.0
627,2022-03-10 16:28:33.285832,0.4799456000328064,0.0,0.0,0.16141384840011597,1.0
628,2022-03-10 16:28:33.579026,0.4799456000328064,0.0,0.0,0.16141384840011597,1.0
629,2022-03-10 16:28:35.472674,0.4676602780818939,1.0,0.0,0.15497300028800964,1.0
630,2022-03-10 16:28:35.825147,0.4676602780818939,1.0,0.0,0.15497300028800964,1.0
631,2022-03-10 16:28:36.180089,0.4676602780818939,1.0,0.0,0.15497300028800964,1.0
632,2022-03-10 16:28:36.549929,0.4676602780818939,1.0,0.0,0.15497300028800964,1.0
633,2022-03-10 16:28:36.887658,0.4676602780818939,1.0,0.0,0.15497300028800964,1.0
634,2022-03-10 16:28:37.304759,0.4370921850204468,1.0,0.0,0.15509238839149475,1.0
634,2022-03-10 16:28:37.616251,0.4370921850204468,1.0,0.0,0.15509238839149475,1.0
636,2022-03-10 16:28:37.951611,0.4370921850204468,1.0,0.0,0.15509238839149475,1.0
637,2022-03-10 16:28:38.322605,0.4370921850204468,1.0,0.0,0.15509238839149475,1.0
638,2022-03-10 16:28:38.635575,0.4370921850204468,1.0,0.0,0.15509238839149475,1.0
639,2022-03-10 16:28:38.993393,0.4370921850204468,1.0,0.0,0.15509238839149475,1.0
640,2022-03-10 16:28:39.360108,0.4370921850204468,1.0,0.0,0.15509238839149475,1.0
641,2022-03-10 16:28:39.591263,0.4370921850204468,1.0,0.0,0.15897780656814575,1.0
642,2022-03-10 16:28:39.842650,0.4006771445274353,1.0,0.0,0.15897780656814575,1.0
643,2022-03-10 16:28:41.915586,0.4006771445274353,1.0,0.0,0.16108959913253784,1.0
644,2022-03-10 16:28:42.209561,0.3825756013393402,1.0,0.0,0.16108959913253784,1.0
645,2022-03-10 16:28:42.555172,0.3825756013393402,1.0,0.0,0.16108959913253784,1.0
646,2022-03-10 16:28:42.923604,0.3825756013393402,1.0,0.0,0.16108959913253784,1.0
647,2022-03-10 16:28:43.217896,0.3825756013393402,1.0,0.0,0.16108959913253784,1.0
648,2022-03-10 16:28:43.519555,0.3825756013393402,1.0,0.0,0.16108959913253784,1.0
649,2022-03-10 16:28:43.883005,0.3825756013393402,1.0,0.0,0.16108959913253784,1.0
650,2022-03-10 16:28:44.067237,0.3825756013393402,1.0,0.0,0.16108959913253784,1.0
651,2022-03-10 16:28:44.438034,0.3346411883831024,1.0,0.0,0.168639674782753,1.0
652,2022-03-10 16:28:44.737443,0.3346411883831024,1.0,0.0,0.168639674782753,1.0
653,2022-03-10 16:28:45.028137,0.3346411883831024,1.0,0.0,0.168639674782753,1.0
654,2022-03-10 16:28:45.380724,0.3346411883831024,1.0,0.0,0.168639674782753,1.0
655,2022-03-10 16:28:45.617003,0.3346411883831024,1.0,0.0,0.168639674782753,1.0
656,2022-03-10 16:28:45.920094,0.3346411883831024,1.0,0.0,0.168639674782753,1.0
657,2022-03-10 16:28:47.915074,0.29900625348091125,1.0,0.0,0.17521139979362488,1.0
657,2022-03-10 16:28:48.207569,0.29900625348091125,1.0,0.0,0.17521139979362488,1.0
659,2022-03-10 16:28:48.452374,0.29900625348091125,1.0,0.0,0.17521139979362488,1.0
660,2022-03-10 16:28:48.826956,0.29900625348091125,1.0,0.0,0.17521139979362488,1.0
661,2022-03-10 16:28:49.129630,0.29900625348091125,1.0,0.0,0.1788470447063446,1.0
662,2022-03-10 16:28:49.447659,0.27539733052253723,1.0,0.0,0.1788470447063446,1.0
663,2022-03-10 16:28:49.758576,0.27539733052253723,1.0,0.0,0.1788470447063446,1.0
664,2022-03-10 16:28:50.243660,0.27539733052253723,1.0,0.0,0.1788470447063446,1.0
665,2022-03-10 16:28:50.555559,0.27539733052253723,1.0,0.0,0.1788470447063446,1.0
666,2022-03-10 16:28:50.959688,0.27539733052253723,1.0,0.0,0.1788470447063446,1.0
667,2022-03-10 16:28:51.199273,0.27539733052253723,1.0,0.0,0.1788470447063446,1.0
668,2022-03-10 16:28:51.564162,0.27539733052253723,1.0,0.0,0.18370723724365234,1.0
668,2022-03-10 16:28:51.889380,0.3181416988372803,0.0,1.0,0.18370723724365234,1.0
670,2022-03-10 16:28:52.211857,0.3181416988372803,0.0,1.0,0.18370723724365234,1.0
671,2022-03-10 16:28:54.151871,0.41619718074798584,0.0,1.0,0.1821630895137787,1.0
672,2022-03-10 16:28:54.559821,0.41619718074798584,0.0,1.0,0.1821630895137787,1.0
673,2022-03-10 16:28:54.800363,0.41619718074798584,0.0,1.0,0.1821630895137787,1.0
674,2022-03-10 16:28:55.101844,0.41619718074798584,0.0,1.0,0.1821630895137787,1.0
675,2022-03-10 16:28:55.432882,0.41619718074798584,0.0,1.0,0.1821630895137787,1.0
676,2022-03-10 16:28:55.837971,0.41619718074798584,0.0,1.0,0.1821630895137787,1.0
676,2022-03-10 16:28:56.134359,0.41619718074798584,0.0,1.0,0.1821630895137787,1.0
678,2022-03-10 16:28:56.500143,0.41619718074798584,0.0,1.0,0.1758919209241867,1.0
679,2022-03-10 16:28:56.828194,0.48070475459098816,0.0,0.0,0.1758919209241867,1.0
680,2022-03-10 16:28:57.179079,0.48070475459098816,0.0,0.0,0.1758919209241867,1.0
681,2022-03-10 16:28:57.567912,0.48070475459098816,0.0,0.0,0.1758919209241867,1.0
682,2022-03-10 16:28:57.894775,0.48070475459098816,0.0,0.0,0.1758919209241867,1.0
683,2022-03-10 16:28:58.144544,0.48070475459098816,0.0,0.0,0.1758919209241867,1.0
684,2022-03-10 16:28:58.323352,0.48070475459098816,0.0,0.0,0.1758919209241867,1.0
685,2022-03-10 16:29:00.501947,0.48070475459098816,0.0,0.0,0.16457173228263855,1.0
686,2022-03-10 16:29:01.188419,0.48070475459098816,0.0,0.0,0.16096560657024384,1.0
687,2022-03-10 16:29:01.618909,0.48070475459098816,0.0,0.0,0.16096560657024384,1.0
688,2022-03-10 16:29:01.989156,0.48070475459098816,0.0,0.0,0.16096560657024384,1.0
689,2022-03-10 16:29:02.376053,0.48070475459098816,0.0,0.0,0.16096560657024384,1.0
690,2022-03-10 16:29:02.845187,0.48070475459098816,0.0,0.0,0.16096560657024384,1.0
691,2022-03-10 16:29:03.265067,0.48070475459098816,0.0,0.0,0.16096560657024384,1.0
692,2022-03-10 16:29:03.686735,0.48070475459098816,0.0,0.0,0.15400081872940063,1.0
693,2022-03-10 16:29:04.133038,0.47455456852912903,1.0,0.0,0.15400081872940063,1.0
694,2022-03-10 16:29:04.451514,0.47455456852912903,1.0,0.0,0.15400081872940063,1.0
695,2022-03-10 16:29:04.859987,0.47455456852912903,1.0,0.0,0.15400081872940063,1.0
696,2022-03-10 16:29:05.184497,0.47455456852912903,1.0,0.0,0.15400081872940063,1.0
697,2022-03-10 16:29:05.531020,0.47455456852912903,1.0,0.0,0.15400081872940063,1.0
698,2022-03-10 16:29:05.892137,0.47455456852912903,1.0,0.0,0.15400081872940063,1.0
699,2022-03-10 16:29:06.219596,0.47455456852912903,1.0,0.0,0.15330833196640015,1.0
700,2022-03-10 16:29:08.334734,0.43782827258110046,1.0,0.0,0.15330833196640015,1.0
701,2022-03-10 16:29:08.707331,0.4256516098976135,1.0,0.0,0.1541459709405899,1.0
702,2022-03-10 16:29:08.995573,0.4256516098976135,1.0,0.0,0.1541459709405899,1.0
703,2022-03-10 16:29:09.288741,0.4256516098976135,1.0,0.0,0.1541459709405899,1.0
704,2022-03-10 16:29:09.582468,0.4256516098976135,1.0,0.0,0.1541459709405899,1.0
705,2022-03-10 16:29:10.049003,0.4256516098976135,1.0,0.0,0.1541459709405899,1.0
706,2022-03-10 16:29:10.343621,0.4256516098976135,1.0,0.0,0.1541459709405899,1.0
707,2022-03-10 16:29:10.659461,0.4256516098976135,1.0,0.0,0.1541459709405899,1.0
708,2022-03-10 16:29:11.009283,0.3772614002227783,1.0,0.0,0.15943245589733124,1.0
709,2022-03-10 16:29:11.264105,0.3772614002227783,1.0,0.0,0.15943245589733124,1.0
710,2022-03-10 16:29:11.639754,0.3772614002227783,1.0,0.0,0.15943245589733124,1.0
711,2022-03-10 16:29:11.884551,0.3772614002227783,1.0,0.0,0.15943245589733124,1.0
712,2022-03-10 16:29:12.184844,0.3772614002227783,1.0,0.0,0.15943245589733124,1.0
713,2022-03-10 16:29:12.539111,0.3772614002227783,1.0,0.0,0.15943245589733124,1.0
714,2022-03-10 16:29:14.528131,0.3412933349609375,1.0,0.0,0.1662570685148239,1.0
715,2022-03-10 16:29:14.821570,0.3412933349609375,1.0,0.0,0.1662570685148239,1.0
716,2022-03-10 16:29:15.249898,0.3412933349609375,1.0,0.0,0.1662570685148239,1.0
717,2022-03-10 16:29:15.504032,0.3412933349609375,1.0,0.0,0.1662570685148239,1.0
718,2022-03-10 16:29:15.836863,0.3234112858772278,1.0,0.0,0.16952231526374817,1.0
719,2022-03-10 16:29:16.255433,0.3234112858772278,1.0,0.0,0.16952231526374817,1.0
720,2022-03-10 16:29:16.563529,0.3234112858772278,1.0,0.0,0.16952231526374817,1.0
721,2022-03-10 16:29:16.865174,0.3234112858772278,1.0,0.0,0.16952231526374817,1.0
722,2022-03-10 16:29:17.218766,0.3234112858772278,1.0,0.0,0.16952231526374817,1.0
723,2022-03-10 16:29:17.524591,0.3234112858772278,1.0,0.0,0.16952231526374817,1.0
724,2022-03-10 16:29:17.878847,0.3234112858772278,1.0,0.0,0.16952231526374817,1.0
725,2022-03-10 16:29:18.229097,0.27605316042900085,1.0,0.0,0.17640213668346405,1.0
726,2022-03-10 16:29:18.540904,0.27605316042900085,1.0,0.0,0.17640213668346405,1.0
727,2022-03-10 16:29:18.811162,0.27605316042900085,1.0,0.0,0.17640213668346405,1.0
728,2022-03-10 16:29:19.399993,0.27605316042900085,1.0,0.0,0.17640213668346405,1.0
729,2022-03-10 16:29:19.750159,0.27605316042900085,1.0,0.0,0.17640213668346405,1.0
730,2022-03-10 16:29:21.811620,0.25255197286605835,0.0,1.0,0.18182416260242462,1.0
731,2022-03-10 16:29:22.183121,0.25255197286605835,0.0,1.0,0.18182416260242462,1.0
732,2022-03-10 16:29:22.472744,0.25255197286605835,0.0,1.0,0.18182416260242462,1.0
733,2022-03-10 16:29:22.838284,0.25255197286605835,0.0,1.0,0.18182416260242462,1.0
734,2022-03-10 16:29:23.158984,0.35163435339927673,0.0,1.0,0.18131887912750244,1.0
735,2022-03-10 16:29:23.513057,0.35163435339927673,0.0,1.0,0.18131887912750244,1.0
736,2022-03-10 16:29:23.960217,0.35163435339927673,0.0,1.0,0.18131887912750244,1.0
737,2022-03-10 16:29:24.254048,0.35163435339927673,0.0,1.0,0.18131887912750244,1.0
738,2022-03-10 16:29:24.554899,0.35163435339927673,0.0,1.0,0.18131887912750244,1.0
739,2022-03-10 16:29:24.883876,0.35163435339927673,0.0,1.0,0.18131887912750244,1.0
740,2022-03-10 16:29:25.304114,0.35163435339927673,0.0,1.0,0.18131887912750244,1.0
741,2022-03-10 16:29:25.660686,0.44915634393692017,0.0,0.0,0.17660698294639587,1.0
742,2022-03-10 16:29:25.896299,0.44915634393692017,0.0,0.0,0.17660698294639587,1.0
743,2022-03-10 16:29:26.305275,0.44915634393692017,0.0,0.0,0.17660698294639587,1.0
744,2022-03-10 16:29:26.742353,0.44915634393692017,0.0,0.0,0.17660698294639587,1.0
744,2022-03-10 16:29:28.780717,0.44915634393692017,0.0,0.0,0.16958485543727875,1.0
746,2022-03-10 16:29:29.192566,0.44915634393692017,0.0,0.0,0.16958485543727875,1.0
747,2022-03-10 16:29:29.504253,0.44915634393692017,0.0,0.0,0.16958485543727875,1.0
748,2022-03-10 16:29:29.858547,0.44915634393692017,0.0,0.0,0.16958485543727875,1.0
749,2022-03-10 16:29:30.168157,0.44915634393692017,0.0,0.0,0.16958485543727875,1.0
750,2022-03-10 16:29:30.537581,0.44915634393692017,0.0,0.0,0.16434097290039062,1.0
751,2022-03-10 16:29:30.925603,0.44915634393692017,0.0,0.0,0.16434097290039062,1.0
752,2022-03-10 16:29:31.242530,0.44915634393692017,0.0,0.0,0.16434097290039062,1.0
753,2022-03-10 16:29:31.962299,0.44915634393692017,0.0,0.0,0.16434097290039062,1.0
754,2022-03-10 16:29:32.329968,0.44915634393692017,0.0,0.0,0.16434097290039062,1.0
755,2022-03-10 16:29:32.693387,0.44915634393692017,0.0,0.0,0.15966016054153442,1.0
756,2022-03-10 16:29:33.130812,0.44915634393692017,0.0,0.0,0.15966016054153442,1.0
757,2022-03-10 16:29:33.494093,0.44915634393692017,0.0,0.0,0.15966016054153442,1.0
758,2022-03-10 16:29:33.731448,0.44915634393692017,0.0,0.0,0.15966016054153442,1.0
759,2022-03-10 16:29:34.036529,0.44915634393692017,0.0,0.0,0.15966016054153442,1.0
760,2022-03-10 16:29:34.347940,0.44915634393692017,0.0,0.0,0.15966016054153442,1.0
761,2022-03-10 16:29:36.563579,0.42473962903022766,1.0,0.0,0.15891048312187195,1.0
762,2022-03-10 16:29:36.904507,0.42473962903022766,1.0,0.0,0.15891048312187195,1.0
763,2022-03-10 16:29:37.404159,0.42473962903022766,1.0,0.0,0.15891048312187195,1.0
764,2022-03-10 16:29:37.806073,0.42473962903022766,1.0,0.0,0.16068942844867706,1.0
765,2022-03-10 16:29:38.102627,0.4125829041004181,1.0,0.0,0.16068942844867706,1.0
766,2022-03-10 16:29:38.406545,0.4125829041004181,1.0,0.0,0.16068942844867706,1.0
767,2022-03-10 16:29:38.757034,0.4125829041004181,1.0,0.0,0.16068942844867706,1.0
768,2022-03-10 16:29:39.084459,0.4125829041004181,1.0,0.0,0.16068942844867706,1.0
769,2022-03-10 16:29:39.511312,0.4125829041004181,1.0,0.0,0.16068942844867706,1.0
770,2022-03-10 16:29:39.984139,0.4125829041004181,1.0,0.0,0.16068942844867706,1.0
771,2022-03-10 16:29:40.318631,0.4125829041004181,1.0,0.0,0.1688699871301651,1.0
772,2022-03-10 16:29:40.665511,0.3703000247478485,1.0,0.0,0.1688699871301651,1.0
773,2022-03-10 16:29:41.029529,0.3703000247478485,1.0,0.0,0.1688699871301651,1.0
774,2022-03-10 16:29:41.264658,0.3703000247478485,1.0,0.0,0.1688699871301651,1.0
775,2022-03-10 16:29:41.657321,0.3703000247478485,1.0,0.0,0.1688699871301651,1.0
776,2022-03-10 16:29:42.071105,0.3703000247478485,1.0,0.0,0.1688699871301651,1.0
777,2022-03-10 16:29:44.642423,0.3284215033054352,1.0,0.0,0.17936140298843384,1.0
778,2022-03-10 16:29:45.039221,0.3284215033054352,1.0,0.0,0.17936140298843384,1.0
779,2022-03-10 16:29:45.427436,0.3224713206291199,1.0,0.0,0.18065667152404785,1.0
780,2022-03-10 16:29:45.929411,0.3224713206291199,1.0,0.0,0.18065667152404785,1.0
781,2022-03-10 16:29:46.248065,0.3224713206291199,1.0,0.0,0.18065667152404785,1.0
782,2022-03-10 16:29:46.616116,0.3224713206291199,1.0,0.0,0.18065667152404785,1.0
783,2022-03-10 16:29:46.900516,0.3224713206291199,1.0,0.0,0.18065667152404785,1.0
784,2022-03-10 16:29:47.216339,0.3224713206291199,1.0,0.0,0.18065667152404785,1.0
785,2022-03-10 16:29:47.513103,0.3224713206291199,1.0,0.0,0.18065667152404785,1.0
786,2022-03-10 16:29:47.786317,0.2751564085483551,1.0,0.0,0.19164881110191345,1.0
787,2022-03-10 16:29:48.086009,0.2751564085483551,1.0,0.0,0.19164881110191345,1.0
788,2022-03-10 16:29:48.484348,0.2751564085483551,1.0,0.0,0.19164881110191345,1.0
789,2022-03-10 16:29:49.061860,0.2751564085483551,1.0,0.0,0.19164881110191345,1.0
790,2022-03-10 16:29:49.363113,0.2751564085483551,1.0,0.0,0.19164881110191345,1.0
791,2022-03-10 16:29:49.729548,0.2751564085483551,1.0,0.0,0.19164881110191345,1.0
792,2022-03-10 16:29:50.032764,0.2751564085483551,1.0,0.0,0.19953224062919617,1.0
793,2022-03-10 16:29:52.728728,0.3179270923137665,0.0,1.0,0.20042099058628082,1.0
794,2022-03-10 16:29:53.022587,0.3179270923137665,0.0,1.0,0.20042099058628082,1.0
795,2022-03-10 16:29:53.344078,0.3179270923137665,0.0,1.0,0.20042099058628082,1.0
796,2022-03-10 16:29:53.703113,0.3179270923137665,0.0,1.0,0.20042099058628082,1.0
797,2022-03-10 16:29:54.063434,0.3179270923137665,0.0,1.0,0.20042099058628082,1.0
798,2022-03-10 16:29:54.387945,0.3179270923137665,0.0,1.0,0.20042099058628082,1.0
799,2022-03-10 16:29:54.892505,0.48049578070640564,0.0,0.0,0.19938413798809052,1.0
800,2022-03-10 16:29:55.191204,0.48049578070640564,0.0,0.0,0.19938413798809052,1.0
801,2022-03-10 16:29:55.468132,0.48049578070640564,0.0,0.0,0.19938413798809052,1.0
802,2022-03-10 16:29:55.764505,0.48049578070640564,0.0,0.0,0.19938413798809052,1.0
803,2022-03-10 16:29:56.117065,0.48049578070640564,0.0,0.0,0.19938413798809052,1.0
804,2022-03-10 16:29:56.429674,0.48049578070640564,0.0,0.0,0.19938413798809052,1.0
805,2022-03-10 16:29:56.835197,0.48049578070640564,0.0,0.0,0.19938413798809052,1.0
806,2022-03-10 16:29:57.155227,0.48049578070640564,0.0,0.0,0.1920008808374405,1.0
807,2022-03-10 16:29:57.441673,0.48049578070640564,0.0,0.0,0.1920008808374405,1.0
808,2022-03-10 16:29:57.815838,0.48049578070640564,0.0,0.0,0.1920008808374405,1.0
809,2022-03-10 16:29:58.191875,0.48049578070640564,0.0,0.0,0.1920008808374405,1.0
810,2022-03-10 16:30:00.270778,0.48049578070640564,0.0,0.0,0.18695053458213806,1.0
811,2022-03-10 16:30:00.687417,0.48049578070640564,0.0,0.0,0.18695053458213806,1.0
812,2022-03-10 16:30:00.980984,0.48049578070640564,0.0,0.0,0.18695053458213806,1.0
813,2022-03-10 16:30:01.276545,0.48049578070640564,0.0,0.0,0.18695053458213806,1.0
814,2022-03-10 16:30:01.627672,0.48049578070640564,0.0,0.0,0.18695053458213806,1.0
815,2022-03-10 16:30:01.962372,0.48049578070640564,0.0,0.0,0.18695053458213806,1.0
816,2022-03-10 16:30:02.435318,0.48049578070640564,0.0,0.0,0.18016907572746277,1.0
817,2022-03-10 16:30:02.732699,0.48049578070640564,0.0,0.0,0.18016907572746277,1.0
818,2022-03-10 16:30:03.091915,0.48049578070640564,0.0,0.0,0.18016907572746277,1.0
819,2022-03-10 16:30:03.501332,0.48049578070640564,0.0,0.0,0.18016907572746277,1.0
820,2022-03-10 16:30:03.873432,0.48049578070640564,0.0,0.0,0.18016907572746277,1.0
821,2022-03-10 16:30:04.208879,0.48049578070640564,0.0,0.0,0.18016907572746277,1.0
822,2022-03-10 16:30:04.562395,0.48049578070640564,0.0,0.0,0.18016907572746277,1.0
823,2022-03-10 16:30:04.931302,0.48049578070640564,0.0,0.0,0.17099620401859283,1.0
824,2022-03-10 16:30:05.335336,0.48049578070640564,0.0,0.0,0.17099620401859283,1.0
825,2022-03-10 16:30:05.635801,0.48049578070640564,0.0,0.0,0.17099620401859283,1.0
826,2022-03-10 16:30:06.052624,0.48049578070640564,0.0,0.0,0.17099620401859283,1.0
827,2022-03-10 16:30:08.098733,0.48049578070640564,0.0,0.0,0.16449038684368134,1.0
828,2022-03-10 16:30:08.453240,0.48049578070640564,0.0,0.0,0.16449038684368134,1.0
829,2022-03-10 16:30:08.813612,0.48049578070640564,0.0,0.0,0.16449038684368134,1.0
830,2022-03-10 16:30:09.600140,0.48049578070640564,0.0,0.0,0.16449038684368134,1.0
831,2022-03-10 16:30:10.091714,0.48049578070640564,0.0,0.0,0.16059145331382751,1.0
832,2022-03-10 16:30:10.470658,0.48049578070640564,0.0,0.0,0.16059145331382751,1.0
833,2022-03-10 16:30:10.721056,0.48049578070640564,0.0,0.0,0.16059145331382751,1.0
834,2022-03-10 16:30:11.262850,0.48049578070640564,0.0,0.0,0.16059145331382751,1.0
835,2022-03-10 16:30:11.749422,0.48049578070640564,0.0,0.0,0.16059145331382751,1.0
836,2022-03-10 16:30:12.353329,0.4620721638202667,1.0,0.0,0.1587868183851242,1.0
837,2022-03-10 16:30:12.960387,0.4620721638202667,1.0,0.0,0.1587868183851242,1.0
838,2022-03-10 16:30:13.316161,0.4620721638202667,1.0,0.0,0.1587868183851242,1.0
839,2022-03-10 16:30:13.720779,0.4620721638202667,1.0,0.0,0.1587868183851242,1.0
840,2022-03-10 16:30:13.974904,0.4620721638202667,1.0,0.0,0.1587868183851242,1.0
841,2022-03-10 16:30:14.290198,0.4620721638202667,1.0,0.0,0.1587868183851242,1.0
842,2022-03-10 16:30:14.583881,0.4620721638202667,1.0,0.0,0.16336683928966522,1.0
843,2022-03-10 16:30:14.933557,0.4254584312438965,1.0,0.0,0.16336683928966522,1.0
844,2022-03-10 16:30:16.932165,0.4254584312438965,1.0,0.0,0.16652488708496094,1.0
845,2022-03-10 16:30:17.285124,0.4133218824863434,1.0,0.0,0.16652488708496094,1.0
846,2022-03-10 16:30:17.588295,0.4133218824863434,1.0,0.0,0.16652488708496094,1.0
847,2022-03-10 16:30:17.842397,0.4133218824863434,1.0,0.0,0.16652488708496094,1.0
848,2022-03-10 16:30:18.138390,0.4133218824863434,1.0,0.0,0.16652488708496094,1.0
849,2022-03-10 16:30:18.431026,0.4133218824863434,1.0,0.0,0.16652488708496094,1.0
850,2022-03-10 16:30:18.799724,0.4133218824863434,1.0,0.0,0.16652488708496094,1.0
851,2022-03-10 16:30:19.173698,0.4133218824863434,1.0,0.0,0.16652488708496094,1.0
852,2022-03-10 16:30:19.562893,0.3651069104671478,1.0,0.0,0.17612576484680176,1.0
853,2022-03-10 16:30:19.856331,0.3651069104671478,1.0,0.0,0.17612576484680176,1.0
854,2022-03-10 16:30:20.337088,0.3651069104671478,1.0,0.0,0.17612576484680176,1.0
855,2022-03-10 16:30:20.607908,0.3651069104671478,1.0,0.0,0.17612576484680176,1.0
856,2022-03-10 16:30:21.039772,0.3651069104671478,1.0,0.0,0.17612576484680176,1.0
857,2022-03-10 16:30:21.333253,0.3651069104671478,1.0,0.0,0.17612576484680176,1.0
858,2022-03-10 16:30:21.583474,0.3651069104671478,1.0,0.0,0.17612576484680176,1.0
859,2022-03-10 16:30:21.908321,0.3651069104671478,1.0,0.0,0.18700172007083893,1.0
860,2022-03-10 16:30:22.225349,0.32334521412849426,1.0,0.0,0.18700172007083893,1.0
861,2022-03-10 16:30:25.065554,0.31148529052734375,1.0,0.0,0.1918272227048874,1.0
862,2022-03-10 16:30:25.363011,0.31148529052734375,1.0,0.0,0.1918272227048874,1.0
863,2022-03-10 16:30:25.646609,0.31148529052734375,1.0,0.0,0.1918272227048874,1.0
863,2022-03-10 16:30:25.944096,0.31148529052734375,1.0,0.0,0.1918272227048874,1.0
865,2022-03-10 16:30:26.509723,0.31148529052734375,1.0,0.0,0.1918272227048874,1.0
866,2022-03-10 16:30:26.860556,0.28786054253578186,1.0,0.0,0.1978343278169632,1.0
866,2022-03-10 16:30:27.296492,0.28786054253578186,1.0,0.0,0.1978343278169632,1.0
868,2022-03-10 16:30:27.839665,0.28786054253578186,1.0,0.0,0.1978343278169632,1.0
869,2022-03-10 16:30:28.191514,0.28786054253578186,1.0,0.0,0.1978343278169632,1.0
870,2022-03-10 16:30:28.703716,0.28786054253578186,1.0,0.0,0.1978343278169632,1.0
871,2022-03-10 16:30:29.115475,0.28786054253578186,1.0,0.0,0.20675772428512573,1.0
872,2022-03-10 16:30:29.497804,0.25597235560417175,0.0,1.0,0.20675772428512573,1.0
873,2022-03-10 16:30:29.735641,0.25597235560417175,0.0,1.0,0.20675772428512573,1.0
874,2022-03-10 16:30:30.049090,0.25597235560417175,0.0,1.0,0.20675772428512573,1.0
875,2022-03-10 16:30:30.443423,0.25597235560417175,0.0,1.0,0.20675772428512573,1.0
876,2022-03-10 16:30:30.881738,0.25597235560417175,0.0,1.0,0.20675772428512573,1.0
877,2022-03-10 16:30:31.198641,0.25597235560417175,0.0,1.0,0.20675772428512573,1.0
878,2022-03-10 16:30:31.607822,0.25597235560417175,0.0,1.0,0.20675772428512573,1.0
879,2022-03-10 16:30:33.703389,0.4481894373893738,0.0,0.0,0.20802275836467743,1.0
880,2022-03-10 16:30:34.120151,0.4481894373893738,0.0,0.0,0.20800386369228363,1.0
881,2022-03-10 16:30:34.531600,0.44926175475120544,0.0,0.0,0.20800386369228363,1.0
882,2022-03-10 16:30:35.022880,0.44926175475120544,0.0,0.0,0.20800386369228363,1.0
883,2022-03-10 16:30:35.484037,0.44926175475120544,0.0,0.0,0.20800386369228363,1.0
884,2022-03-10 16:30:35.912985,0.44926175475120544,0.0,0.0,0.20800386369228363,1.0
885,2022-03-10 16:30:36.519556,0.44926175475120544,0.0,0.0,0.20800386369228363,1.0
886,2022-03-10 16:30:37.017481,0.44926175475120544,0.0,0.0,0.203659325838089,1.0
887,2022-03-10 16:30:37.481561,0.44926175475120544,0.0,0.0,0.203659325838089,1.0
888,2022-03-10 16:30:37.924384,0.44926175475120544,0.0,0.0,0.203659325838089,1.0
889,2022-03-10 16:30:38.366266,0.44926175475120544,0.0,0.0,0.203659325838089,1.0
890,2022-03-10 16:30:38.677619,0.44926175475120544,0.0,0.0,0.203659325838089,1.0
891,2022-03-10 16:30:39.028523,0.44926175475120544,0.0,0.0,0.203659325838089,1.0
892,2022-03-10 16:30:39.399482,0.44926175475120544,0.0,0.0,0.19604811072349548,1.0
893,2022-03-10 16:30:39.725581,0.44926175475120544,0.0,0.0,0.19604811072349548,1.0
894,2022-03-10 16:30:39.995588,0.44926175475120544,0.0,0.0,0.19604811072349548,1.0
895,2022-03-10 16:30:40.368124,0.44926175475120544,0.0,0.0,0.19604811072349548,1.0
896,2022-03-10 16:30:40.802434,0.44926175475120544,0.0,0.0,0.19604811072349548,1.0
896,2022-03-10 16:30:41.152517,0.44926175475120544,0.0,0.0,0.19604811072349548,1.0
898,2022-03-10 16:30:44.420796,0.44926175475120544,0.0,0.0,0.1872037947177887,1.0
899,2022-03-10 16:30:44.836691,0.44926175475120544,0.0,0.0,0.1872037947177887,1.0
900,2022-03-10 16:30:45.216283,0.44926175475120544,0.0,0.0,0.1872037947177887,1.0
901,2022-03-10 16:30:45.511120,0.44926175475120544,0.0,0.0,0.1872037947177887,1.0
902,2022-03-10 16:30:45.886508,0.44926175475120544,0.0,0.0,0.1872037947177887,1.0
903,2022-03-10 16:30:46.259857,0.44926175475120544,0.0,0.0,0.1872037947177887,1.0
904,2022-03-10 16:30:46.568116,0.44926175475120544,0.0,0.0,0.1872037947177887,1.0
905,2022-03-10 16:30:47.000612,0.44926175475120544,0.0,0.0,0.1789335012435913,1.0
906,2022-03-10 16:30:47.399860,0.44926175475120544,0.0,0.0,0.1789335012435913,1.0
907,2022-03-10 16:30:47.862730,0.44926175475120544,0.0,0.0,0.1789335012435913,1.0
908,2022-03-10 16:30:48.101025,0.44926175475120544,0.0,0.0,0.1789335012435913,1.0
909,2022-03-10 16:30:48.396044,0.44926175475120544,0.0,0.0,0.1789335012435913,1.0
910,2022-03-10 16:30:48.782924,0.44926175475120544,0.0,0.0,0.1789335012435913,1.0
911,2022-03-10 16:30:49.110916,0.44926175475120544,0.0,0.0,0.17096059024333954,1.0
912,2022-03-10 16:30:49.328554,0.44926175475120544,0.0,0.0,0.17096059024333954,1.0
913,2022-03-10 16:30:49.628264,0.44926175475120544,0.0,0.0,0.17096059024333954,1.0
914,2022-03-10 16:30:50.043642,0.44926175475120544,0.0,0.0,0.17096059024333954,1.0
915,2022-03-10 16:30:50.338804,0.44926175475120544,0.0,0.0,0.17096059024333954,1.0
916,2022-03-10 16:30:53.134157,0.44926175475120544,0.0,0.0,0.1626497358083725,1.0
917,2022-03-10 16:30:53.487762,0.44926175475120544,0.0,0.0,0.1626497358083725,1.0
918,2022-03-10 16:30:54.261262,0.44926175475120544,0.0,0.0,0.1601211130619049,1.0
919,2022-03-10 16:30:54.565984,0.44926175475120544,0.0,0.0,0.1601211130619049,1.0
920,2022-03-10 16:30:54.896225,0.44926175475120544,0.0,0.0,0.1601211130619049,1.0
921,2022-03-10 16:30:55.316241,0.44926175475120544,0.0,0.0,0.1601211130619049,1.0
922,2022-03-10 16:30:55.872018,0.44926175475120544,0.0,0.0,0.1601211130619049,1.0
923,2022-03-10 16:30:56.245673,0.44926175475120544,0.0,0.0,0.1547802984714508,1.0
924,2022-03-10 16:30:56.670094,0.44926175475120544,1.0,0.0,0.1547802984714508,1.0
925,2022-03-10 16:30:57.088450,0.44926175475120544,1.0,0.0,0.1547802984714508,1.0
926,2022-03-10 16:30:57.519798,0.44926175475120544,1.0,0.0,0.1547802984714508,1.0
927,2022-03-10 16:30:57.813941,0.44926175475120544,1.0,0.0,0.1547802984714508,1.0
928,2022-03-10 16:30:58.107872,0.44926175475120544,1.0,0.0,0.1547802984714508,1.0
929,2022-03-10 16:30:58.488140,0.44926175475120544,1.0,0.0,0.1547802984714508,1.0
930,2022-03-10 16:30:58.888819,0.4126681983470917,1.0,0.0,0.15756353735923767,1.0
931,2022-03-10 16:30:59.183356,0.4126681983470917,1.0,0.0,0.15756353735923767,1.0
932,2022-03-10 16:30:59.471755,0.4126681983470917,1.0,0.0,0.15756353735923767,1.0
933,2022-03-10 16:30:59.743074,0.4126681983470917,1.0,0.0,0.15756353735923767,1.0
934,2022-03-10 16:31:00.058368,0.4126681983470917,1.0,0.0,0.15756353735923767,1.0
935,2022-03-10 16:31:03.137249,0.3763812482357025,1.0,0.0,0.16431041061878204,1.0
936,2022-03-10 16:31:03.520479,0.3763812482357025,1.0,0.0,0.16536006331443787,1.0
937,2022-03-10 16:31:03.728885,0.3703625500202179,1.0,0.0,0.16536006331443787,1.0
938,2022-03-10 16:31:04.044125,0.3703625500202179,1.0,0.0,0.16536006331443787,1.0
939,2022-03-10 16:31:04.469250,0.3703625500202179,1.0,0.0,0.16536006331443787,1.0
940,2022-03-10 16:31:04.844497,0.3703625500202179,1.0,0.0,0.16536006331443787,1.0
941,2022-03-10 16:31:05.170326,0.3703625500202179,1.0,0.0,0.16536006331443787,1.0
942,2022-03-10 16:31:05.463111,0.3703625500202179,1.0,0.0,0.16536006331443787,1.0
943,2022-03-10 16:31:05.819313,0.3703625500202179,1.0,0.0,0.16536006331443787,1.0
944,2022-03-10 16:31:06.148812,0.3703625500202179,1.0,0.0,0.17497749626636505,1.0
945,2022-03-10 16:31:06.481305,0.3284599781036377,1.0,0.0,0.17497749626636505,1.0
946,2022-03-10 16:31:06.980482,0.3284599781036377,1.0,0.0,0.17497749626636505,1.0
947,2022-03-10 16:31:07.288085,0.3284599781036377,1.0,0.0,0.17497749626636505,1.0
948,2022-03-10 16:31:07.664316,0.3284599781036377,1.0,0.0,0.17497749626636505,1.0
949,2022-03-10 16:31:07.937029,0.3284599781036377,1.0,0.0,0.17497749626636505,1.0
950,2022-03-10 16:31:08.172464,0.3284599781036377,1.0,0.0,0.17497749626636505,1.0
951,2022-03-10 16:31:08.597137,0.3284599781036377,1.0,0.0,0.18591314554214478,1.0
952,2022-03-10 16:31:08.887507,0.2810516357421875,1.0,0.0,0.18591314554214478,1.0
953,2022-03-10 16:31:09.216331,0.2810516357421875,1.0,0.0,0.18591314554214478,1.0
954,2022-03-10 16:31:09.589253,0.2810516357421875,1.0,0.0,0.18591314554214478,1.0
955,2022-03-10 16:31:11.814134,0.25753653049468994,1.0,0.0,0.1931854486465454,1.0
956,2022-03-10 16:31:12.177577,0.25753653049468994,1.0,0.0,0.1931854486465454,1.0
957,2022-03-10 16:31:12.553619,0.25753653049468994,1.0,0.0,0.1931854486465454,1.0
958,2022-03-10 16:31:12.887232,0.25753653049468994,1.0,0.0,0.1931854486465454,1.0
959,2022-03-10 16:31:13.384245,0.25753653049468994,1.0,0.0,0.1960223764181137,1.0
960,2022-03-10 16:31:13.777225,0.31791573762893677,0.0,1.0,0.1960223764181137,1.0
961,2022-03-10 16:31:14.161706,0.31791573762893677,0.0,1.0,0.1960223764181137,1.0
962,2022-03-10 16:31:14.516318,0.31791573762893677,0.0,1.0,0.1960223764181137,1.0
963,2022-03-10 16:31:14.785226,0.31791573762893677,0.0,1.0,0.1960223764181137,1.0
964,2022-03-10 16:31:15.245950,0.31791573762893677,0.0,1.0,0.1960223764181137,1.0
965,2022-03-10 16:31:15.623657,0.31791573762893677,0.0,1.0,0.1960223764181137,1.0
966,2022-03-10 16:31:16.000742,0.4804846942424774,0.0,0.0,0.19361773133277893,1.0
967,2022-03-10 16:31:16.244531,0.4804846942424774,0.0,0.0,0.19361773133277893,1.0
968,2022-03-10 16:31:16.594136,0.4804846942424774,0.0,0.0,0.19361773133277893,1.0
969,2022-03-10 16:31:16.925857,0.4804846942424774,0.0,0.0,0.19361773133277893,1.0
970,2022-03-10 16:31:17.330056,0.4804846942424774,0.0,0.0,0.19361773133277893,1.0
971,2022-03-10 16:31:17.620557,0.4804846942424774,0.0,0.0,0.19361773133277893,1.0
972,2022-03-10 16:31:18.252080,0.4804846942424774,0.0,0.0,0.18656663596630096,1.0
973,2022-03-10 16:31:18.598476,0.4804846942424774,0.0,0.0,0.18656663596630096,1.0
974,2022-03-10 16:31:21.842136,0.4804846942424774,0.0,0.0,0.18393777310848236,1.0
975,2022-03-10 16:31:22.194374,0.4804846942424774,0.0,0.0,0.18393777310848236,1.0
976,2022-03-10 16:31:22.607141,0.4804846942424774,0.0,0.0,0.18393777310848236,1.0
977,2022-03-10 16:31:22.965438,0.4804846942424774,0.0,0.0,0.18393777310848236,1.0
978,2022-03-10 16:31:23.361884,0.4804846942424774,0.0,0.0,0.17979015409946442,1.0
979,2022-03-10 16:31:23.763557,0.4804846942424774,0.0,0.0,0.17979015409946442,1.0
980,2022-03-10 16:31:24.133535,0.4804846942424774,0.0,0.0,0.17979015409946442,1.0
981,2022-03-10 16:31:24.487693,0.4804846942424774,0.0,0.0,0.17979015409946442,1.0
982,2022-03-10 16:31:24.888595,0.4804846942424774,0.0,0.0,0.17979015409946442,1.0
983,2022-03-10 16:31:25.193418,0.4804846942424774,0.0,0.0,0.17979015409946442,1.0
984,2022-03-10 16:31:25.585649,0.4804846942424774,0.0,0.0,0.17979015409946442,1.0
985,2022-03-10 16:31:25.989775,0.4804846942424774,0.0,0.0,0.170260488986969,1.0
986,2022-03-10 16:31:26.281581,0.4804846942424774,0.0,0.0,0.170260488986969,1.0
987,2022-03-10 16:31:26.610370,0.4804846942424774,0.0,0.0,0.170260488986969,1.0
988,2022-03-10 16:31:26.921729,0.4804846942424774,0.0,0.0,0.170260488986969,1.0
989,2022-03-10 16:31:27.276196,0.4804846942424774,0.0,0.0,0.170260488986969,1.0
990,2022-03-10 16:31:27.588323,0.4804846942424774,0.0,0.0,0.170260488986969,1.0
991,2022-03-10 16:31:28.353029,0.4804846942424774,0.0,0.0,0.1604890674352646,1.0
992,2022-03-10 16:31:28.865149,0.4804846942424774,0.0,0.0,0.1604890674352646,1.0
993,2022-03-10 16:31:29.168400,0.4804846942424774,0.0,0.0,0.1604890674352646,1.0
994,2022-03-10 16:31:29.573318,0.4804846942424774,0.0,0.0,0.1604890674352646,1.0
995,2022-03-10 16:31:32.237508,0.4804846942424774,1.0,0.0,0.15643993020057678,1.0
996,2022-03-10 16:31:32.584288,0.4804846942424774,1.0,0.0,0.15643993020057678,1.0
997,2022-03-10 16:31:33.020140,0.4804846942424774,1.0,0.0,0.15643993020057678,1.0
998,2022-03-10 16:31:33.401725,0.46819135546684265,1.0,0.0,0.15709133446216583,1.0
999,2022-03-10 16:31:33.847041,0.46819135546684265,1.0,0.0,0.15709133446216583,1.0
999,2022-03-10 16:31:34.204611,0.46819135546684265,1.0,0.0,0.15709133446216583,1.0
